trait1,,,2,2,2,2,2,2,2,2,2,2,2,2,2,2,2,2,2,2,2,2,2,2,2,2,2,2,2,2,2,2,2,2,2,2,2,2,2,2,2,2,2,2,2,2,2,2,2,2,2,2,2,2,2,2,2,2,2,2,2,2,2,2,2,2,2,2,2,2,2,2,2,2,2,2,2,2,2,2,2,2,2,2,2,2,2,2,2,2,2,2,2,2,2,2,2,2,2,2,2
trait2,,,2,2,2,2,2,2,2,2,2,2,2,2,2,2,2,2,2,2,2,2,2,2,2,2,2,2,2,2,2,2,2,2,2,2,2,2,2,2,2,2,2,2,2,2,2,2,2,2,2,2,2,2,2,2,2,2,2,2,2,2,2,2,2,2,2,2,2,2,2,2,2,2,2,2,2,2,2,2,2,2,2,2,2,2,2,2,2,2,2,2,2,2,2,2,2,2,2,2,2
trait3,,,2,2,2,2,2,2,2,2,2,2,2,2,2,2,2,2,2,2,2,2,2,2,2,2,2,2,2,2,2,2,2,2,2,2,2,2,2,2,2,2,2,2,2,2,2,2,2,2,2,2,2,2,2,2,2,2,2,2,2,2,2,2,2,2,2,2,2,2,2,2,2,2,2,2,2,2,2,2,2,2,2,2,2,2,2,2,2,2,2,2,2,2,2,2,2,2,2,2,2
WE_locus,6,145,-,B,-,-,-,-,-,-,-,B,-,B,B,-,-,-,-,-,-,-,-,-,-,-,B,-,-,-,-,-,B,-,-,B,-,B,B,-,-,B,-,-,-,-,B,B,B,-,-,-,-,B,B,B,-,-,B,-,-,B,B,-,-,-,-,B,B,B,-,-,-,B,B,-,B,B,-,-,-,-,-,-,-,-,-,-,-,B,-,B,B,-,B,-,-,-,B,-,-
209829,6,7.7843,A,A,A,A,A,A,A,A,A,A,-,A,A,A,A,A,A,A,A,A,A,A,A,A,A,A,A,A,A,A,A,A,A,A,A,A,A,A,A,A,A,A,A,A,A,A,A,A,A,A,A,A,A,A,A,A,A,A,A,A,A,A,A,A,A,A,A,A,A,A,A,A,A,A,A,A,A,A,A,A,A,A,A,A,A,A,A,A,A,A,A,A,A,A,A,A,B,B,B
203568,6,20.2532,A,H,H,H,H,B,B,A,A,B,B,B,B,A,A,H,A,A,-,H,H,H,A,H,H,-,-,-,A,B,B,A,A,B,-,H,B,H,H,B,-,B,H,A,B,B,B,H,H,A,H,B,H,A,A,A,B,H,H,B,B,A,H,H,A,B,B,B,B,H,H,B,H,H,B,B,H,A,H,H,H,H,H,H,H,H,A,B,A,B,-,H,B,A,-,H,B,H,H
203612,6,20.39863,A,H,H,H,H,B,B,A,A,B,-,B,B,A,A,H,A,A,-,H,H,H,A,H,H,-,-,A,A,B,B,A,A,B,-,H,B,H,H,B,A,B,H,A,B,B,B,H,H,A,H,B,H,A,A,A,B,H,-,B,B,A,H,H,A,B,B,B,B,H,H,B,H,H,B,B,H,A,H,H,H,H,H,H,H,H,A,B,A,B,B,H,B,A,-,H,B,H,H
204248,6,21.92959,A,H,H,H,H,B,B,A,-,B,B,B,B,A,A,H,A,A,A,-,H,H,A,H,H,B,H,A,A,B,-,A,A,B,H,H,B,H,H,B,H,B,H,A,B,B,B,H,H,A,H,B,H,A,A,A,B,H,H,B,B,A,H,H,A,B,B,B,B,H,H,B,H,H,B,B,H,A,H,H,H,H,H,H,H,H,A,B,A,B,B,H,B,A,-,H,B,H,H
204249,6,21.93277,A,H,H,H,H,B,B,A,-,B,B,B,B,A,A,H,A,A,-,-,H,H,A,H,H,B,H,A,A,B,B,A,A,B,H,H,B,H,H,B,H,B,H,A,B,B,B,H,H,A,H,B,H,A,A,A,B,H,H,B,B,A,H,H,A,B,B,B,B,H,H,B,H,H,B,B,H,A,H,H,H,H,H,H,H,H,A,B,A,B,B,H,B,A,-,H,B,H,H
207070,6,28.93831,B,B,B,B,B,B,B,B,B,B,-,B,B,B,B,B,B,B,B,-,B,B,B,B,B,-,-,B,B,B,B,B,B,B,-,B,B,B,B,B,B,B,B,B,B,B,B,B,B,B,B,B,B,B,B,B,B,B,B,B,B,B,B,B,B,B,B,B,B,B,B,B,B,B,B,B,B,B,B,B,B,B,B,B,B,B,B,B,B,B,-,B,B,B,-,B,A,A,A
208215,6,39.94459,B,B,B,B,B,B,B,B,B,B,B,B,B,-,B,B,B,B,B,-,B,B,B,B,B,B,B,B,B,B,B,B,B,B,B,B,B,B,B,B,B,B,B,B,B,B,B,B,B,B,B,B,B,B,B,B,B,B,B,B,B,B,B,B,B,B,B,B,B,B,B,B,B,B,B,B,B,B,B,B,B,B,B,B,B,B,B,B,B,B,B,B,B,B,B,B,A,A,A
208517,6,47.19544,A,H,H,H,B,B,B,A,A,B,-,B,B,A,A,H,A,A,A,H,H,H,A,H,H,-,H,A,A,B,B,A,A,B,-,H,B,H,H,B,H,B,H,A,B,B,B,H,H,A,H,B,H,A,A,A,B,H,H,B,B,A,H,H,A,B,B,B,B,H,H,B,H,H,B,B,H,A,H,H,H,H,H,H,H,H,A,B,A,B,-,H,B,A,-,H,B,H,H
208528,6,47.49216,A,H,H,H,B,B,B,A,A,B,-,B,B,A,A,H,A,A,-,-,H,H,A,H,H,-,-,-,A,B,B,A,A,B,-,-,B,H,H,B,H,B,H,A,B,B,B,H,H,A,H,B,H,A,A,A,B,H,H,B,B,A,H,H,A,B,B,B,B,H,H,B,H,H,B,B,H,A,H,H,H,H,H,H,H,H,A,B,A,B,B,H,B,A,A,H,B,H,H
208529,6,47.49467,A,H,H,H,B,B,B,A,A,B,B,B,B,A,A,H,A,A,-,-,H,H,A,H,H,-,-,-,A,B,B,A,A,B,-,-,B,H,H,B,H,B,H,A,B,B,B,H,H,A,H,B,H,A,A,A,B,H,H,B,B,A,H,H,A,B,B,B,B,H,H,B,H,H,B,B,H,A,H,H,H,H,H,H,H,H,A,B,A,B,B,H,B,A,A,H,B,H,H
208544,6,47.72509,A,H,H,H,B,B,B,A,A,B,-,B,B,A,A,H,A,A,-,H,H,H,A,H,H,B,-,A,A,B,B,A,A,B,H,H,B,H,H,B,H,B,H,A,B,B,B,H,H,A,H,B,H,A,A,A,B,H,H,B,B,A,H,H,A,B,B,B,B,H,H,B,H,H,B,B,H,A,H,H,H,H,H,H,H,H,A,B,A,B,B,H,B,A,A,H,B,H,H
208545,6,47.72819,A,H,H,H,B,B,B,A,A,B,-,B,B,A,A,H,A,A,-,H,H,H,A,H,H,B,-,A,A,B,B,A,A,B,H,H,B,H,H,B,H,B,H,A,B,B,B,H,H,A,H,B,H,A,A,A,B,H,H,B,B,A,H,H,A,B,B,B,B,H,H,B,H,H,B,B,H,A,H,H,H,H,H,H,H,H,A,B,A,B,B,H,B,A,A,H,B,H,H
208550,6,47.80114,A,H,H,H,B,B,B,A,A,B,-,B,B,A,A,H,A,A,A,H,H,H,A,H,H,-,H,A,A,B,B,A,A,B,-,H,B,H,H,B,H,B,H,A,B,B,B,H,H,A,H,B,H,A,A,A,B,H,H,B,B,A,H,H,A,B,B,B,B,H,H,B,H,H,B,B,H,A,H,H,H,H,H,H,H,H,A,B,A,B,B,H,B,A,A,H,B,H,H
208552,6,47.80379,A,H,H,H,B,B,B,A,A,B,-,B,B,A,A,H,A,A,A,H,H,H,A,H,H,-,H,A,A,B,B,A,A,B,-,H,B,H,H,B,H,B,H,A,B,B,B,H,H,A,H,B,H,A,A,A,B,H,H,B,B,A,H,H,A,B,B,B,B,H,H,B,H,H,B,B,H,A,H,H,H,H,H,H,H,H,A,B,A,B,B,H,B,A,A,H,B,H,H
208554,6,47.83626,A,H,H,H,B,B,B,A,A,B,B,B,-,A,A,H,A,A,A,-,H,H,A,H,H,-,-,A,A,B,B,A,A,B,-,H,B,H,H,B,H,B,H,A,B,B,B,H,H,A,H,B,H,A,A,A,B,H,H,B,B,A,H,H,A,B,B,B,B,H,H,B,H,H,B,B,H,A,H,H,H,H,H,H,H,H,A,B,A,B,-,H,B,A,-,H,B,H,H
208565,6,48.20884,A,H,H,H,B,B,B,A,A,B,B,B,B,A,A,H,A,A,A,H,H,H,A,H,H,B,-,A,A,B,B,A,A,B,H,H,B,H,H,B,H,B,H,A,B,B,B,H,H,A,H,B,H,A,A,A,B,H,H,B,B,A,H,H,A,B,B,B,B,H,H,B,H,H,B,B,H,A,H,H,H,H,H,H,H,H,A,B,A,B,B,H,B,A,-,H,B,H,H
208572,6,48.369,A,H,H,H,B,B,B,A,A,B,B,B,B,A,A,H,A,A,-,-,H,H,A,H,H,B,-,A,A,B,B,A,A,B,-,H,B,H,H,B,H,B,H,A,B,B,B,H,H,A,H,B,H,A,A,A,-,H,H,B,B,A,H,H,A,B,B,B,B,H,H,B,H,H,B,B,H,A,H,H,H,H,H,H,H,H,A,B,A,B,B,H,B,A,A,H,B,H,H
208583,6,48.60758,A,H,H,H,B,B,B,A,A,B,B,B,B,A,A,H,A,-,-,-,H,H,A,H,H,B,-,A,A,B,B,A,A,B,-,H,B,H,H,B,H,B,-,A,B,B,B,H,H,A,H,B,H,A,A,A,B,H,H,B,B,A,H,H,A,B,B,B,B,H,H,-,H,H,B,B,H,A,H,H,H,H,H,H,H,H,A,B,A,B,-,H,B,A,A,H,B,H,H
208589,6,48.75514,A,H,H,H,B,B,B,A,A,B,B,B,B,A,A,H,A,A,A,H,H,H,A,H,H,B,-,-,A,B,B,A,A,B,H,H,B,H,H,B,H,B,H,A,B,B,B,H,H,A,H,B,H,A,A,A,B,H,H,B,B,A,H,H,A,B,B,B,B,H,H,B,H,H,B,B,H,A,H,H,H,H,H,H,H,H,A,B,A,B,B,H,B,A,-,H,B,H,H
208608,6,49.16384,A,H,H,H,B,B,B,A,A,B,B,B,B,A,A,H,A,A,A,-,H,H,A,H,H,B,-,A,A,B,B,A,A,B,-,H,B,H,H,B,H,B,H,A,B,B,B,H,H,A,H,B,H,A,A,A,B,H,H,B,B,A,H,H,A,B,B,B,B,H,H,B,H,H,B,B,H,A,H,H,H,H,H,H,H,H,A,B,A,B,B,H,B,A,-,H,B,H,H
208610,6,49.16676,A,H,H,H,B,B,B,A,A,B,B,B,B,A,A,H,A,A,A,-,H,H,A,H,H,B,-,A,A,B,B,A,A,B,-,H,B,H,H,B,H,B,H,A,B,B,B,H,H,A,H,B,H,A,A,A,B,H,H,B,B,A,H,H,A,B,B,B,B,H,H,B,H,H,B,B,H,A,H,H,H,H,H,H,H,H,A,B,A,B,B,H,B,A,-,H,B,H,H
208615,6,49.20918,A,H,H,H,B,B,B,A,-,B,-,B,B,A,A,H,A,A,A,-,H,H,A,H,H,B,-,A,A,B,B,A,A,B,-,H,B,H,H,-,H,B,H,A,B,B,B,H,H,A,H,B,H,A,A,A,B,H,H,B,B,A,H,H,A,B,B,B,B,H,H,B,-,H,B,B,H,A,H,H,H,H,H,H,H,H,A,B,A,B,-,H,B,A,-,H,B,H,H
208622,6,49.39319,A,H,H,H,B,B,B,A,A,B,B,B,B,A,A,H,A,A,A,H,H,H,A,H,H,B,-,A,A,B,B,A,A,B,-,H,B,H,H,B,H,B,H,A,B,B,B,H,H,A,H,B,H,A,A,A,B,H,H,B,B,A,H,H,A,B,B,B,B,H,H,B,H,H,B,B,H,A,H,H,H,H,H,H,H,H,A,B,A,B,B,H,B,A,-,H,B,H,H
208623,6,49.39576,A,H,H,H,B,B,B,A,A,B,B,B,B,A,A,H,A,A,A,H,H,H,A,H,H,B,-,A,A,B,B,A,A,B,-,H,B,H,H,B,H,B,H,A,B,B,B,H,H,A,H,B,H,A,A,A,B,H,H,B,B,A,H,H,A,B,B,B,B,H,H,B,H,H,B,B,H,A,H,H,H,H,H,H,H,H,A,B,A,B,B,H,B,A,-,H,B,H,H
208626,6,49.4323,A,H,H,H,B,B,B,A,A,B,B,B,B,A,A,H,A,A,A,H,H,H,A,H,H,B,-,A,A,B,B,A,A,B,H,H,B,H,H,B,H,B,H,A,B,B,B,H,H,A,H,B,H,A,A,A,B,H,H,B,B,A,H,H,A,B,B,B,B,H,H,B,H,H,B,B,H,A,H,H,H,H,H,H,H,H,A,B,-,B,B,H,B,A,A,H,B,H,H
208628,6,49.5352,A,H,H,H,B,B,B,A,A,B,B,-,B,A,A,H,A,A,A,-,H,H,A,H,H,B,H,A,A,B,B,A,A,B,-,H,B,H,H,B,H,B,H,A,B,B,B,H,H,A,H,B,H,A,A,A,B,H,H,B,B,A,H,H,A,B,B,B,B,H,H,B,H,H,B,B,H,A,H,H,H,H,H,H,H,H,A,B,A,B,B,H,B,A,A,H,B,H,H
208638,6,49.63187,A,H,H,H,B,B,B,A,A,B,-,B,B,A,A,H,A,A,A,H,H,H,A,H,H,B,-,A,A,B,B,A,A,B,H,H,B,H,H,B,H,B,H,A,B,B,B,H,H,A,H,B,H,A,A,A,B,H,H,B,B,A,H,H,A,B,B,B,B,H,H,B,H,H,B,B,H,A,H,H,H,H,H,H,H,H,A,B,A,B,B,H,B,A,A,H,B,H,H
208645,6,49.77915,A,H,H,H,B,B,B,A,A,B,-,B,B,A,A,H,A,A,-,-,H,H,A,H,H,B,H,A,A,B,B,A,A,B,-,H,B,H,H,B,H,B,H,-,B,B,B,H,-,A,H,B,H,A,A,A,B,H,H,B,B,A,H,H,A,B,B,B,B,H,H,B,H,H,B,B,H,A,H,H,H,H,H,H,H,H,A,B,A,B,B,H,B,A,-,H,B,H,H
208669,6,50.47109,A,H,H,H,B,B,B,A,A,B,B,B,B,A,A,H,A,A,A,H,H,H,A,H,H,-,-,A,A,B,B,A,A,B,-,H,B,H,H,B,H,B,H,A,B,B,B,H,H,A,H,B,H,A,A,A,B,H,H,B,B,A,H,H,A,B,B,B,B,H,H,B,-,H,B,B,-,A,H,H,H,H,H,H,H,H,A,B,A,B,H,H,B,A,-,H,B,H,H
208703,6,51.3101,A,H,H,H,B,B,B,A,A,B,-,B,B,A,A,H,A,A,A,H,H,H,A,H,H,B,-,A,A,B,B,A,A,B,-,H,B,H,H,B,H,B,H,A,B,B,B,H,H,A,H,B,H,A,A,A,B,H,H,B,B,A,H,H,A,B,B,B,B,H,H,B,H,H,B,B,H,A,H,H,H,H,H,H,H,H,A,B,A,B,B,H,B,A,A,H,B,H,H
208706,6,51.49152,A,H,H,H,B,B,B,A,A,B,B,B,B,A,A,H,A,A,-,H,H,H,A,H,H,B,-,A,A,B,B,A,A,B,-,H,B,H,H,B,H,B,H,A,B,B,B,H,H,A,H,B,H,A,A,A,B,H,H,B,B,A,H,H,A,B,B,B,B,H,H,B,H,H,B,B,H,A,H,H,H,H,H,H,H,H,A,B,A,B,B,H,B,A,A,H,B,H,H
208708,6,51.49465,A,H,H,H,B,B,B,A,A,B,B,B,B,A,A,H,A,A,-,H,H,H,A,H,H,B,-,A,A,B,B,A,A,B,-,H,B,H,H,B,H,B,H,A,B,B,B,H,H,A,H,B,H,A,A,A,B,H,H,B,B,A,H,H,A,B,B,B,B,H,H,B,H,H,B,B,H,A,H,H,H,H,H,H,H,H,A,B,-,B,B,H,B,A,A,H,B,H,H
208733,6,52.26966,A,H,H,H,H,B,B,A,A,B,B,B,B,A,A,H,A,A,A,-,H,H,A,H,H,B,-,A,A,B,B,A,A,B,H,H,B,H,H,B,H,B,H,A,B,B,B,H,H,A,H,B,H,A,A,A,B,H,H,B,B,A,H,H,A,B,B,B,B,H,H,B,H,H,B,B,H,A,H,H,H,H,H,H,H,H,A,B,A,B,B,H,B,A,-,H,B,H,H
208743,6,52.39016,A,H,H,H,H,B,B,A,A,B,B,B,B,A,A,H,A,A,A,H,H,H,A,H,H,B,-,A,A,B,B,A,A,B,-,H,B,H,H,B,H,B,H,A,B,B,B,H,H,A,H,B,H,A,A,A,B,H,H,B,B,A,H,H,A,B,B,B,B,H,H,B,H,H,B,B,H,A,H,H,H,H,H,H,H,H,A,B,A,B,B,H,B,A,A,H,B,H,H
208745,6,52.50992,A,H,H,H,H,B,B,A,A,B,B,B,B,A,A,H,A,A,A,-,H,H,A,H,H,-,-,A,A,B,B,A,A,B,H,H,B,H,H,B,H,B,H,A,B,B,B,H,H,A,H,B,H,A,A,A,B,H,H,B,B,A,H,H,A,B,B,B,B,H,H,B,H,H,B,B,H,A,H,H,H,H,H,H,H,H,A,B,A,B,B,H,B,A,A,H,B,H,H
208748,6,52.59341,A,H,H,H,H,B,B,A,-,B,-,B,B,A,A,H,A,A,A,H,H,H,A,H,H,B,-,A,A,B,B,A,A,B,H,H,B,H,H,B,H,B,H,A,B,B,B,H,H,A,H,B,H,A,A,A,B,H,H,B,B,A,H,H,A,B,B,B,B,H,H,B,H,H,B,B,H,A,H,H,H,H,H,H,H,H,A,B,A,B,B,H,B,A,A,H,-,-,H
208875,6,55.83312,A,H,H,H,H,-,B,A,A,B,-,B,B,A,A,H,A,A,A,H,H,H,A,H,H,-,-,A,A,B,B,A,A,B,-,H,B,H,H,B,H,B,H,A,B,B,B,H,H,A,H,B,H,A,A,A,B,H,H,B,B,A,H,H,A,B,B,B,B,H,H,B,H,H,B,B,H,A,H,H,H,H,H,H,H,H,A,B,A,B,B,H,B,A,-,H,B,H,H
209002,6,58.68203,A,H,H,H,H,B,B,A,-,B,B,B,B,A,A,H,A,A,-,H,H,H,A,H,H,B,-,-,A,B,B,A,A,B,-,H,B,H,H,B,H,B,H,A,B,B,B,H,H,A,H,B,H,A,A,A,B,H,H,B,B,A,H,H,A,B,B,B,B,H,H,B,H,H,B,B,H,A,H,H,H,H,H,H,H,H,A,B,A,B,B,H,B,A,-,H,B,H,H
209009,6,58.81688,A,H,H,H,H,B,B,A,A,B,-,B,B,A,A,H,A,A,A,-,H,H,A,H,H,-,H,A,A,B,B,A,A,B,-,H,B,H,H,B,H,B,H,A,B,B,B,H,H,A,H,B,H,A,A,A,B,H,H,B,B,A,H,H,A,B,B,B,B,H,H,B,H,H,B,B,H,A,H,H,H,H,H,H,H,H,A,B,A,B,B,H,B,A,A,H,B,H,H
209024,6,59.0247,A,H,H,H,H,B,B,A,A,B,-,B,B,A,A,H,A,A,A,-,H,H,A,H,H,B,H,A,A,B,B,A,A,B,H,H,B,H,H,B,H,B,H,A,B,B,B,H,H,A,H,B,H,A,A,A,B,H,H,B,B,A,H,H,A,B,B,B,B,H,H,B,H,H,B,B,H,A,H,H,H,H,H,H,H,H,A,B,A,B,B,H,B,A,A,H,B,H,H
209028,6,59.14541,A,H,H,H,H,B,B,A,A,B,-,B,B,A,A,H,A,A,-,-,H,H,-,H,H,B,-,A,A,B,B,A,A,B,H,H,-,H,H,B,H,B,H,A,B,B,B,H,H,A,H,B,H,A,A,A,B,H,H,B,B,A,H,H,A,B,B,B,B,H,H,B,H,H,B,B,H,A,H,H,H,H,H,H,H,H,A,B,A,B,-,H,B,A,-,H,B,H,H
209173,6,62.99967,H,H,H,H,H,H,H,A,A,B,-,B,B,A,A,H,A,H,A,H,H,H,A,H,B,B,-,A,A,B,B,A,A,B,A,B,B,H,H,B,A,B,H,A,B,B,B,H,B,A,H,B,H,A,H,A,B,H,-,B,B,A,H,H,H,B,B,B,H,H,H,B,H,H,B,B,H,A,H,-,H,H,H,H,A,H,A,B,B,B,B,H,B,A,H,H,B,H,H
209182,6,63.10855,A,A,H,H,H,H,A,A,A,B,B,B,B,A,A,H,A,H,A,-,H,H,A,H,B,B,-,A,A,B,B,A,A,B,-,B,B,H,-,B,A,B,H,A,B,B,B,H,H,A,H,B,H,A,H,A,B,H,A,B,B,A,H,-,A,B,B,B,A,-,H,B,H,A,B,B,H,A,H,H,H,A,H,H,A,H,A,B,-,-,B,A,B,A,-,H,B,A,H
209201,6,63.52578,H,H,H,H,H,H,H,A,A,B,-,B,B,A,A,H,A,H,H,A,H,H,A,H,B,-,-,-,H,B,B,A,A,B,H,B,B,A,H,B,A,B,H,A,B,B,B,H,H,A,H,B,H,A,H,A,B,H,A,B,B,A,H,H,H,B,B,B,H,H,H,B,H,H,B,B,H,A,H,H,H,H,H,H,A,H,A,B,H,B,-,H,B,A,-,H,-,-,-
209365,6,66.63593,H,H,H,H,H,H,H,A,A,B,H,B,B,A,A,H,A,H,A,H,H,H,A,H,B,B,-,A,A,B,B,A,A,B,-,B,B,H,H,B,A,B,H,A,B,B,B,H,H,A,H,B,H,A,H,A,B,H,A,B,B,A,H,H,H,B,B,B,H,H,H,B,H,H,B,B,H,A,H,H,H,H,H,H,A,H,A,B,H,B,B,H,B,A,H,H,B,H,H
209434,6,67.82175,H,H,H,H,H,H,H,A,A,B,B,B,B,A,A,H,A,H,A,-,H,H,A,H,B,-,-,A,A,B,B,A,A,B,-,B,B,H,H,B,A,B,H,A,B,B,B,H,H,A,H,B,H,A,H,A,B,H,A,B,B,A,H,-,H,B,B,B,H,H,H,B,H,H,B,B,H,A,H,H,H,H,H,H,A,H,A,B,H,B,B,H,B,A,H,H,B,H,H
209466,6,68.84702,A,A,A,A,A,A,A,A,A,A,-,A,A,A,A,A,A,A,A,A,A,A,A,A,A,A,A,A,A,A,A,A,A,A,A,A,A,A,A,A,A,A,A,A,A,A,A,A,A,A,A,A,A,A,A,A,A,A,A,A,A,A,A,A,A,A,A,A,A,A,A,A,A,A,A,A,A,A,A,A,A,A,A,A,A,A,A,A,A,A,A,A,A,A,-,A,B,B,B
209784,6,77.06471,H,H,H,H,H,H,H,A,A,B,H,B,B,A,A,H,A,H,H,-,H,H,A,H,B,-,-,A,A,B,B,A,A,B,-,B,B,H,H,-,A,B,H,A,B,B,B,H,H,A,H,B,H,A,H,A,B,H,A,B,B,A,H,H,H,B,B,B,H,H,H,B,H,H,B,-,H,H,H,H,H,H,H,H,A,H,A,B,H,B,B,H,B,A,-,H,B,H,H
209874,6,78.66675,H,H,H,H,H,H,H,A,A,B,H,B,B,A,A,H,A,H,-,H,H,H,A,H,B,-,-,A,A,B,B,A,A,B,-,B,B,H,H,B,A,B,H,A,B,B,B,H,H,A,H,B,H,A,H,A,H,H,A,B,B,A,H,H,H,B,B,B,H,H,H,B,H,H,B,B,H,H,H,H,H,H,H,H,A,H,A,B,H,B,B,H,B,A,H,H,B,H,H
209921,6,79.64997,H,H,H,H,H,H,H,A,A,B,H,B,-,A,A,H,A,H,H,H,H,H,A,H,B,B,A,-,A,B,B,A,A,B,-,B,B,H,H,B,A,B,-,A,B,B,B,H,H,A,H,B,H,A,H,A,B,H,A,B,B,A,H,H,H,B,B,B,H,H,H,B,H,H,B,B,-,H,H,H,H,H,H,H,A,H,A,B,H,B,B,H,B,A,H,H,B,H,H
209923,6,79.65255,H,H,H,H,H,H,H,A,A,B,H,B,-,A,A,H,A,H,H,H,H,H,A,H,B,B,A,-,A,B,B,A,A,B,-,B,B,H,H,B,A,B,-,A,B,B,B,H,H,A,H,B,H,A,H,A,B,H,A,B,B,A,H,H,H,B,B,B,H,H,H,B,H,H,B,B,-,H,H,H,H,H,H,H,A,H,A,B,H,B,-,H,B,A,H,H,B,H,H
209924,6,79.65607,H,H,H,H,H,H,H,A,A,B,H,-,B,A,A,H,A,H,A,-,H,H,A,H,B,B,-,A,A,B,B,A,A,B,-,B,B,H,H,B,A,B,H,A,B,B,B,H,H,A,H,B,H,A,H,A,B,H,A,B,B,A,H,H,H,B,B,B,H,H,H,B,H,H,B,B,H,H,H,H,H,H,H,H,A,H,A,B,H,B,-,H,B,A,H,H,B,H,H
209926,6,79.7566,H,H,H,H,H,H,H,A,A,B,H,B,B,A,A,H,A,H,-,H,H,H,A,H,B,B,-,A,A,B,B,A,A,B,H,B,B,H,H,B,A,B,H,A,B,B,B,H,H,A,H,B,H,A,H,A,B,H,A,B,B,A,H,H,H,B,B,B,H,H,H,B,H,H,B,B,H,H,H,H,H,H,H,H,A,H,A,B,H,B,B,H,B,A,H,H,B,H,H
209928,6,79.75989,H,H,H,H,H,H,H,A,A,B,H,B,B,A,A,H,A,H,-,H,H,H,A,H,B,B,-,A,A,B,B,A,A,B,H,B,B,H,H,B,A,B,H,A,B,B,B,H,H,A,H,B,H,A,H,A,B,H,A,B,B,A,H,H,H,B,B,B,H,H,H,B,H,H,B,B,H,H,H,H,H,H,H,H,A,H,A,B,H,B,B,H,B,A,H,H,B,H,H
209933,6,79.83915,H,H,H,H,H,H,H,A,A,B,H,B,B,A,A,H,A,H,-,-,H,H,A,H,B,-,A,A,A,B,B,A,A,B,-,B,B,H,H,B,A,B,H,A,B,B,B,H,H,A,H,B,H,A,H,A,B,H,A,B,B,A,H,H,H,B,B,B,H,H,H,B,H,H,B,B,H,H,H,H,H,H,H,H,A,H,A,B,H,B,B,H,B,A,H,H,B,H,H
209934,6,79.84216,H,H,H,H,H,H,H,A,A,B,H,B,B,A,A,H,A,H,-,-,H,H,A,H,B,-,-,A,A,B,B,A,A,B,-,B,B,H,H,B,A,B,H,A,B,B,B,H,H,A,H,B,H,A,H,A,-,H,A,B,B,A,H,H,H,B,B,B,H,H,H,B,H,H,B,B,H,H,H,H,H,H,H,H,A,H,A,B,H,B,B,H,B,A,-,H,-,H,H
209944,6,80.04002,H,H,H,H,H,H,H,A,A,B,-,B,B,A,A,H,A,H,A,H,H,H,A,H,B,B,-,A,A,B,B,A,A,B,-,B,B,H,H,B,A,B,H,A,B,B,B,H,H,A,H,B,H,A,H,A,B,H,A,B,B,A,H,H,H,B,B,B,H,H,H,B,H,H,B,B,H,H,H,H,H,H,H,H,A,H,A,B,H,B,B,H,B,A,-,H,B,H,H
209969,6,80.57126,H,H,H,H,H,H,H,A,A,B,H,B,-,A,A,H,A,H,A,H,H,H,A,H,B,B,A,A,A,B,B,A,A,B,-,B,B,H,H,B,A,B,H,A,B,B,B,H,H,A,H,B,H,A,H,A,B,H,A,B,B,A,H,H,H,B,B,B,H,H,H,B,H,H,B,B,H,H,H,H,H,H,H,H,A,H,A,B,H,B,B,H,B,A,H,H,B,H,H
210013,6,81.45444,H,H,H,H,H,H,H,A,A,B,H,B,B,A,A,H,A,H,A,H,H,H,A,H,B,B,-,A,A,B,B,A,A,B,H,B,B,H,H,B,A,B,H,A,B,B,B,H,H,A,H,B,H,A,H,A,H,H,A,B,B,A,H,H,H,B,B,B,H,H,H,B,H,H,B,B,H,H,H,H,H,H,H,H,A,H,A,B,H,B,B,H,B,A,-,H,B,H,H
210016,6,81.49296,H,H,H,H,H,H,H,A,A,B,H,B,B,A,A,H,A,H,A,-,H,H,A,H,B,B,A,A,A,B,B,A,A,B,-,B,B,H,H,B,A,B,H,A,B,B,B,H,H,A,H,B,H,A,H,A,B,H,A,B,B,A,H,H,H,B,B,B,H,H,H,B,H,H,B,B,H,H,H,H,H,H,H,H,A,H,A,B,H,B,B,H,B,A,-,H,B,H,H
210017,6,81.49578,H,H,H,H,H,H,H,A,A,B,H,B,B,A,A,H,A,H,A,-,H,H,A,H,B,B,A,A,A,B,B,A,A,B,-,B,B,H,H,B,A,B,H,A,B,B,B,H,H,A,H,B,H,A,H,A,B,H,A,B,B,A,H,H,H,B,B,B,H,H,H,B,H,H,B,B,H,H,H,H,H,H,H,H,A,H,A,B,H,B,B,H,B,A,-,H,B,H,H
210033,6,81.83638,H,H,H,H,H,H,H,A,A,B,H,B,B,A,A,H,A,H,-,H,H,H,A,H,B,B,A,A,A,B,B,A,A,B,H,B,B,H,H,B,A,B,H,A,B,B,B,H,H,A,H,B,H,A,H,A,B,H,A,B,B,A,H,H,H,B,B,B,H,H,H,B,H,H,B,B,H,H,H,H,H,H,H,H,A,H,A,B,H,B,B,H,B,A,H,H,B,H,H
210054,6,82.20592,H,H,H,H,H,H,H,-,A,B,H,B,B,A,A,H,A,H,H,-,H,H,A,H,B,B,A,A,A,B,B,A,A,B,H,B,B,H,H,B,A,B,H,A,B,B,B,H,H,A,H,B,H,A,H,A,B,H,A,B,B,A,H,H,H,B,B,B,H,H,H,B,H,H,B,B,H,H,H,H,H,H,H,H,A,H,A,B,H,B,B,H,B,A,-,H,B,H,H
210056,6,82.20867,H,H,H,H,H,H,H,A,A,B,H,B,B,A,A,H,A,H,H,-,H,H,A,H,B,B,A,A,A,B,B,A,A,B,H,B,B,H,H,B,A,B,H,A,B,B,B,H,H,A,H,B,H,A,H,A,B,H,A,B,B,A,H,H,H,B,B,B,H,H,H,B,H,H,B,B,H,H,H,H,H,H,H,H,A,H,A,B,H,B,B,H,B,A,-,H,B,H,H
210057,6,82.2118,H,H,H,H,H,H,H,A,A,B,-,B,B,A,A,H,A,H,A,-,H,H,A,H,B,B,A,A,A,B,B,A,A,B,-,-,B,H,H,B,A,B,H,A,B,B,B,H,H,A,H,B,H,A,H,A,B,H,A,B,B,A,H,H,H,B,B,B,H,H,H,B,H,H,B,B,H,H,H,H,H,H,H,H,A,H,A,B,H,B,-,H,B,A,-,H,B,H,H
210063,6,82.27612,H,H,H,H,H,H,H,A,A,B,H,B,B,A,A,H,A,H,A,-,H,H,A,H,B,-,-,-,A,B,B,A,A,B,-,B,B,H,H,B,A,B,H,A,B,B,B,-,H,A,H,B,H,A,H,A,B,H,A,B,B,A,H,H,H,B,B,B,H,H,H,B,H,H,B,B,H,H,H,H,H,H,H,H,A,H,A,B,H,-,B,H,B,A,-,H,B,H,H
210067,6,82.3599,H,H,H,H,H,H,H,A,A,B,H,B,B,A,A,H,A,H,A,H,H,H,A,H,B,-,A,A,A,B,B,A,A,B,H,B,B,H,H,B,A,B,H,A,B,B,B,H,H,-,H,B,H,A,H,A,H,H,A,B,B,A,H,H,H,B,B,B,H,H,H,B,H,H,B,B,H,H,H,H,H,H,H,H,A,H,A,B,H,B,B,H,B,A,-,H,-,-,-
210069,6,82.36355,H,H,H,H,H,H,H,A,A,B,-,B,B,A,A,H,A,H,A,H,H,H,A,H,B,-,A,A,A,B,B,A,-,B,H,B,B,H,H,B,A,B,H,A,B,-,B,H,H,-,H,B,H,A,H,A,H,H,A,B,B,A,H,H,H,B,B,B,H,H,H,B,H,H,B,B,H,H,H,H,H,H,H,H,A,H,A,B,H,B,B,H,B,A,-,H,-,-,-
210131,6,83.78976,H,H,H,H,H,H,H,A,A,B,H,B,B,A,A,H,A,H,-,-,H,H,A,H,B,B,-,-,A,B,B,A,A,B,-,B,B,H,-,B,A,B,H,A,B,B,B,H,H,A,H,B,H,A,H,A,B,H,-,B,B,A,H,H,H,-,B,B,H,H,H,B,H,H,B,B,H,H,H,H,H,H,H,H,A,H,A,B,H,B,B,H,B,A,-,H,B,H,H
210136,6,83.88538,H,H,H,H,H,H,H,A,A,B,-,-,B,A,A,H,A,H,-,-,H,H,A,H,B,-,-,A,A,B,B,A,A,B,-,B,B,H,H,B,A,B,H,A,-,B,B,H,H,A,H,B,H,A,H,A,B,H,A,B,B,A,H,H,H,B,B,B,H,H,H,B,H,H,B,B,H,H,H,H,H,H,H,H,A,H,A,B,H,B,B,H,B,A,H,H,B,H,H
210152,6,84.46655,H,H,H,H,H,H,H,A,-,B,H,B,B,A,A,H,A,H,-,-,H,H,A,H,B,B,-,A,A,B,B,A,A,B,-,B,B,H,H,B,A,B,H,A,B,B,B,H,H,A,H,B,H,A,H,A,-,H,A,B,B,A,H,H,H,B,B,B,H,H,H,B,H,H,B,B,H,H,H,H,H,H,H,H,A,H,A,B,H,B,B,H,B,A,H,H,B,H,H
210153,6,84.46924,H,H,H,H,H,H,H,A,-,B,H,B,B,A,A,H,A,H,-,-,H,H,A,H,B,B,-,A,A,B,B,A,A,B,-,B,B,H,H,B,A,B,-,A,B,B,B,H,H,A,H,B,H,A,H,A,-,H,A,B,B,A,H,H,H,B,B,B,H,H,H,B,H,H,B,B,H,H,H,H,H,H,H,H,A,H,A,B,H,B,B,H,B,A,H,H,B,H,H
210170,6,84.73977,H,H,H,H,H,H,H,A,A,B,-,B,B,A,A,H,A,H,A,H,H,H,A,H,B,B,A,A,A,B,B,A,A,B,H,B,B,H,H,B,A,B,H,A,B,B,B,H,H,A,H,B,H,A,H,A,B,H,A,B,B,A,H,H,H,B,B,B,H,H,H,B,H,H,B,B,H,H,H,H,H,H,H,H,A,H,A,B,H,B,B,H,B,A,-,H,B,H,H
210196,6,85.34166,H,H,H,H,H,H,H,A,A,B,H,B,B,A,A,H,A,H,-,H,H,H,A,H,B,B,A,A,A,B,B,-,A,B,-,B,B,H,H,B,A,B,H,A,B,B,B,H,H,A,H,B,H,A,H,A,B,H,A,B,B,A,H,H,H,B,B,B,H,H,H,B,H,H,B,-,H,H,H,H,H,H,H,H,A,H,A,-,H,-,B,H,B,A,H,H,B,H,H
210204,6,85.51544,H,H,H,H,H,H,H,A,A,B,H,B,B,A,A,H,A,H,-,H,H,H,A,H,B,B,A,A,A,B,B,A,A,B,H,B,B,H,H,B,A,B,H,A,B,B,B,H,H,A,H,B,H,A,H,A,-,H,A,B,B,A,H,H,H,B,B,B,H,H,H,B,H,H,B,B,H,H,H,H,H,H,H,H,A,H,A,B,H,B,B,H,B,A,H,H,B,H,H
210250,6,86.181,H,H,H,H,H,H,H,A,A,B,H,B,B,A,A,H,A,H,A,-,H,H,A,H,B,B,-,A,A,B,B,A,A,B,H,B,B,H,H,B,A,B,H,A,B,B,B,H,H,A,H,B,H,A,H,A,-,H,A,B,B,A,H,H,H,B,B,B,H,H,H,B,H,H,B,B,H,H,H,H,H,H,H,H,A,H,A,B,H,B,B,H,B,A,-,H,B,H,H
210256,6,86.30078,H,H,H,H,H,H,H,A,A,B,-,B,B,A,A,H,A,H,A,H,H,H,-,H,B,B,-,-,A,B,B,A,A,B,H,B,B,H,H,B,A,B,H,A,B,B,B,H,H,A,H,B,H,A,H,A,B,H,A,B,B,A,H,H,H,B,B,B,H,H,H,B,H,H,B,B,H,H,H,H,H,H,H,H,A,H,A,B,H,B,B,H,B,A,-,H,B,H,H
210258,6,86.30408,H,H,H,H,H,H,H,A,A,B,-,B,B,A,A,H,A,H,A,H,H,H,-,H,B,B,-,A,A,B,B,A,A,B,H,B,B,H,H,B,A,B,H,A,B,B,B,H,H,A,H,B,H,A,H,A,B,H,A,B,B,A,H,H,H,B,B,B,H,H,H,B,H,H,B,B,H,H,H,H,H,H,H,H,A,H,A,B,H,B,B,H,B,A,-,H,B,H,H
210262,6,86.33826,H,H,H,H,H,H,H,A,A,B,H,B,B,A,A,H,A,H,A,H,H,H,A,H,B,B,-,A,A,B,B,A,A,B,H,B,B,H,H,B,A,B,H,A,B,B,B,H,H,A,H,B,H,A,H,A,B,H,A,B,B,A,H,H,H,B,B,B,H,H,H,B,H,H,B,B,H,H,H,H,H,H,H,H,A,H,A,B,H,B,B,H,B,A,H,H,B,H,H
210263,6,86.34102,H,H,H,H,H,H,H,A,A,B,H,B,B,A,A,H,A,H,A,H,H,H,A,H,B,B,-,A,A,B,B,A,A,B,H,B,B,H,H,B,A,B,H,A,B,B,B,H,H,A,H,B,H,A,H,A,B,H,A,B,B,A,H,H,H,B,B,B,H,H,H,B,H,H,B,B,H,H,H,H,H,H,H,H,A,H,A,B,H,B,B,H,B,A,H,H,B,H,H
210279,6,86.66253,H,H,H,H,H,H,H,A,A,B,H,B,B,A,A,H,A,H,-,-,H,H,A,H,B,B,-,A,A,B,B,A,A,B,-,B,B,H,H,B,A,B,H,A,B,B,B,H,-,A,H,B,H,A,H,A,B,H,A,B,B,A,H,H,H,B,B,B,H,H,H,B,H,H,B,B,H,H,H,H,H,H,H,H,A,H,A,B,H,B,-,H,B,A,-,H,B,H,H
210304,6,87.11676,H,H,H,H,H,H,H,A,A,B,-,B,-,A,A,H,A,H,A,-,H,H,A,H,B,-,A,A,A,B,B,A,A,B,-,B,B,H,H,B,A,B,H,A,H,B,B,H,H,A,H,B,H,A,H,A,B,H,A,B,B,A,H,H,H,-,B,B,H,H,H,B,H,H,B,B,H,H,H,H,H,H,H,H,A,H,A,B,-,B,B,H,B,A,H,H,B,H,H
210306,6,87.12017,H,H,H,H,H,H,H,A,A,B,-,B,-,A,A,H,A,H,A,-,H,H,A,H,B,-,A,A,A,B,B,A,A,B,-,B,B,H,H,B,A,B,H,A,H,B,B,H,H,A,H,B,H,A,H,A,B,H,A,B,B,A,H,H,H,B,B,B,H,H,H,B,H,H,B,B,H,H,H,H,H,H,H,H,A,H,A,B,-,B,B,H,B,A,H,H,B,H,H
210342,6,87.81106,H,H,H,H,H,H,H,A,A,B,H,-,B,A,A,H,A,H,A,-,H,H,A,H,B,B,-,A,A,B,B,A,A,B,H,B,B,H,H,B,A,B,H,A,B,B,B,H,H,A,H,B,H,A,H,A,B,H,A,B,B,A,H,H,H,B,B,B,H,H,H,B,H,H,B,B,H,H,H,H,H,H,H,H,A,H,A,B,H,B,B,H,B,A,-,H,-,-,-
210343,6,87.81477,H,H,H,H,H,H,H,A,A,B,H,-,B,A,A,H,A,H,A,-,H,H,A,H,B,B,-,A,A,B,B,A,A,B,H,B,B,H,H,B,A,B,H,A,B,B,B,H,H,A,H,B,H,A,H,A,B,H,A,B,B,A,H,H,H,B,B,B,H,H,H,B,H,H,B,B,H,H,H,H,H,H,H,H,A,H,A,B,H,B,B,H,B,A,-,H,-,-,-
210354,6,88.13395,H,H,H,H,H,H,H,A,A,B,H,B,B,A,A,H,A,H,A,-,H,H,A,H,B,H,-,A,A,B,B,A,A,B,-,B,B,H,H,B,A,B,H,A,B,B,B,H,H,A,H,B,H,A,H,A,B,H,A,B,B,A,H,H,H,B,B,B,H,H,H,B,H,H,B,B,H,H,H,H,H,H,H,H,A,H,A,B,H,B,B,H,B,A,-,H,B,H,H
210355,6,88.13682,H,H,H,H,H,H,H,A,A,B,H,B,B,A,A,H,A,H,A,-,H,H,A,H,B,H,-,A,A,B,B,A,A,B,-,B,B,H,H,B,A,B,H,A,B,B,B,H,H,A,H,B,H,A,H,A,B,H,A,B,B,A,H,H,H,B,B,B,H,H,H,B,H,H,B,B,H,H,H,H,H,H,H,H,A,H,A,B,H,B,B,H,B,A,-,H,B,H,H
210370,6,88.58283,H,H,H,H,H,H,H,A,A,B,H,B,B,A,A,H,A,H,A,-,H,H,A,H,B,-,A,-,A,B,B,A,A,B,-,B,B,H,H,B,A,B,H,A,B,B,B,H,H,A,H,B,H,A,H,A,B,H,-,B,B,A,H,H,H,B,B,B,H,H,H,B,H,H,B,B,-,H,H,H,H,H,H,H,A,H,A,B,H,B,B,H,B,A,-,H,B,H,H
210371,6,88.58533,H,H,H,H,H,H,H,A,A,B,H,B,B,A,A,H,A,H,A,-,H,H,A,H,B,-,A,-,A,B,B,A,A,B,-,B,B,H,H,B,A,B,H,A,B,B,B,H,H,A,H,B,H,A,H,A,B,H,-,B,B,A,H,H,H,B,B,B,H,H,H,B,H,H,B,B,H,H,H,H,H,H,H,H,A,H,A,B,H,B,B,H,B,A,-,H,B,H,H
210505,6,92.53966,H,H,H,H,H,H,H,A,-,B,-,B,B,A,A,H,A,H,-,-,H,H,A,H,B,-,-,-,A,B,B,A,A,B,-,B,B,H,H,B,A,B,H,A,B,B,B,H,H,A,H,B,H,A,H,A,B,H,A,B,B,A,H,H,H,B,B,B,H,H,H,B,H,H,B,B,H,H,H,H,H,H,H,H,A,H,A,B,H,B,B,H,B,A,-,H,B,H,H
210510,6,92.75726,H,H,H,H,H,H,H,A,A,B,-,B,B,A,A,H,A,H,-,H,H,H,A,H,B,H,-,A,A,B,B,A,A,B,-,B,B,H,H,B,A,B,H,A,B,B,B,H,H,A,H,B,H,A,H,A,B,H,A,B,B,A,H,H,H,B,B,B,H,H,H,B,H,H,-,B,H,H,H,H,H,H,H,H,A,H,A,B,H,B,B,H,B,A,H,H,B,H,H
210571,6,94.4181,H,H,H,H,H,H,H,A,A,B,-,B,B,A,A,H,A,H,-,H,H,H,A,H,B,-,-,A,A,B,B,A,A,B,-,B,B,H,H,B,A,B,-,A,B,B,B,H,H,A,H,B,H,H,H,A,B,H,A,B,B,A,H,H,H,B,B,B,H,H,H,B,H,H,B,-,H,H,H,H,H,H,H,H,A,H,A,B,H,B,B,H,B,A,-,H,B,H,H
210634,6,97.23939,H,H,H,H,H,H,H,A,A,B,H,B,B,A,A,H,A,H,A,H,H,H,A,H,B,H,-,A,A,B,B,A,A,B,H,B,B,H,H,B,A,B,H,A,B,B,B,H,H,A,H,B,H,H,H,A,B,H,A,B,B,A,H,H,H,B,B,B,H,H,H,B,-,H,B,B,H,H,H,H,H,H,H,H,A,H,A,B,H,B,B,H,B,A,H,H,B,H,H
210635,6,97.24261,H,H,H,H,H,H,H,A,A,B,H,B,B,A,A,H,A,H,A,H,H,H,A,H,B,H,-,A,A,B,B,A,A,B,H,B,B,H,H,B,A,B,H,A,B,B,B,H,H,A,H,B,H,H,H,A,B,H,A,B,B,A,H,H,H,B,B,B,H,H,H,B,-,H,B,B,H,H,H,H,H,H,H,H,A,H,A,B,H,B,B,H,B,A,H,H,B,H,H
210726,6,98.7652,H,H,B,B,B,B,H,A,A,B,B,B,B,A,A,B,A,B,A,H,B,H,A,B,B,-,-,A,A,B,B,A,A,B,-,B,B,B,H,B,A,B,B,A,B,B,B,B,B,A,B,B,B,B,B,A,B,B,A,B,B,A,B,H,H,B,B,B,H,H,B,B,B,H,B,B,B,H,B,B,B,H,B,B,A,B,A,B,H,B,B,H,B,A,-,H,B,H,H
210789,6,99.77176,H,H,H,H,H,H,H,A,A,B,-,B,B,A,A,H,A,H,A,H,H,H,A,H,B,-,-,A,A,B,B,A,A,B,-,B,B,H,H,B,A,B,H,A,B,B,B,H,H,A,H,B,H,H,H,A,-,H,A,B,B,A,H,H,H,B,B,B,H,H,H,B,H,H,B,B,H,H,H,H,H,H,H,H,A,H,A,B,H,B,B,H,B,A,H,H,B,H,H
199410,6,100.53345,H,H,H,H,H,H,H,A,A,B,-,B,B,A,A,H,A,H,-,-,H,H,A,H,B,-,A,-,A,B,B,A,A,B,-,B,B,H,H,B,A,B,H,A,B,B,B,H,H,A,H,B,H,H,H,A,B,H,A,B,B,A,H,H,H,B,B,B,H,H,H,-,H,H,B,B,H,H,H,H,H,H,H,H,A,H,A,B,H,B,B,H,B,A,H,H,B,H,H
199419,6,100.77603,H,H,B,B,B,B,H,A,A,B,-,B,B,A,A,B,A,B,-,H,B,H,A,B,B,H,-,-,A,B,B,A,A,B,-,B,B,B,H,B,A,B,B,A,B,B,B,B,B,A,B,B,B,B,B,A,B,B,A,B,B,A,B,H,H,B,B,B,H,H,-,B,-,H,B,B,B,H,B,B,B,H,B,B,A,B,A,B,H,B,B,H,B,A,-,H,B,H,H
199509,6,103.26911,H,H,H,H,H,H,H,A,A,B,H,B,B,A,A,H,A,H,-,-,H,H,A,H,B,H,-,A,A,B,B,A,A,B,-,B,B,H,H,B,A,B,H,A,B,B,B,H,H,A,H,B,H,B,H,A,B,H,A,B,B,A,H,H,H,B,B,B,H,H,H,B,H,H,B,B,H,H,H,H,H,H,H,H,A,H,A,B,H,B,B,H,B,A,-,H,B,H,H
199835,6,109.89668,H,H,H,H,H,H,H,A,A,B,A,B,B,A,A,H,A,H,A,-,H,H,A,H,B,-,-,A,A,B,B,A,A,B,-,B,B,H,H,B,A,B,H,A,B,B,B,H,H,A,H,B,H,B,H,A,B,H,-,B,B,A,H,H,H,B,B,B,H,H,H,B,H,H,B,B,H,H,H,H,H,H,H,H,A,H,A,B,H,B,B,H,B,H,-,H,B,H,H
199837,6,109.89919,H,H,H,H,H,H,H,A,A,B,A,B,B,A,A,H,A,H,A,-,H,H,A,H,B,-,-,A,A,B,B,A,A,B,-,B,B,H,H,B,A,B,-,A,B,B,B,H,H,A,H,B,H,B,H,A,B,H,-,B,B,A,H,H,H,B,B,B,H,H,H,B,H,H,B,B,H,H,H,H,H,H,H,H,A,H,A,B,H,B,B,H,B,H,-,H,B,H,H
199914,6,111.38354,H,H,H,H,H,H,H,A,A,B,H,B,B,A,A,H,A,H,A,H,H,H,A,H,B,H,A,A,A,B,B,A,A,B,-,B,B,H,H,B,A,B,H,A,B,B,B,H,H,A,H,B,H,B,H,A,B,H,A,B,B,A,H,H,H,B,B,B,H,H,H,B,H,H,B,B,H,H,H,H,H,H,H,H,A,H,A,B,H,B,B,H,B,H,-,H,B,H,H
199958,6,111.87443,H,H,H,H,H,H,H,A,A,B,H,B,B,A,A,H,A,H,A,-,H,H,A,H,B,H,-,A,A,B,B,A,A,B,H,B,B,H,H,B,A,B,H,A,B,B,B,H,H,A,H,B,H,B,H,A,-,H,A,B,B,A,H,H,H,B,B,B,H,H,H,B,H,H,B,B,-,H,H,-,H,H,H,H,A,H,A,B,H,B,-,H,B,H,H,H,B,H,H
200076,6,114.8917,B,-,H,H,H,H,B,A,A,B,H,B,B,A,A,H,A,H,-,-,H,B,A,H,B,-,-,-,A,B,B,A,A,B,-,B,B,H,B,B,A,B,H,A,B,B,B,H,H,A,H,B,H,B,H,A,B,H,A,B,B,A,H,B,B,B,B,B,B,B,H,B,H,B,B,B,H,B,H,H,H,B,H,H,A,H,A,B,B,B,B,B,B,H,-,B,B,B,B
200130,6,116.31008,H,H,B,B,B,B,H,A,A,B,-,B,B,A,A,B,A,B,-,H,B,H,A,B,B,B,-,-,A,B,B,A,A,B,-,B,B,B,H,B,A,B,-,A,B,B,B,B,B,A,B,B,B,B,B,-,B,B,A,B,B,A,B,H,H,B,B,B,H,H,B,B,B,H,B,B,B,H,B,B,B,H,B,B,A,B,A,B,H,B,B,H,B,B,H,H,B,H,H
200178,6,117.33113,H,H,H,H,H,H,H,A,-,B,-,-,B,A,A,H,A,H,-,-,H,H,A,H,B,-,-,A,A,B,B,A,A,B,-,B,B,H,H,B,A,B,H,A,B,B,B,H,H,A,H,B,H,B,H,A,B,H,A,-,B,A,H,H,H,B,B,B,H,H,H,B,H,H,B,B,H,H,H,H,H,H,H,H,A,H,A,B,H,B,B,H,B,H,H,H,B,H,H
200229,6,118.67501,H,H,H,H,H,H,H,A,A,B,H,B,B,A,A,H,A,H,A,H,H,H,A,H,B,B,A,A,A,B,B,A,A,B,-,B,B,H,H,B,A,B,H,A,B,B,B,H,H,A,H,B,H,B,H,A,B,H,A,B,B,A,H,H,H,B,B,B,H,H,H,B,H,H,B,B,H,H,H,H,H,H,H,H,A,H,A,B,H,B,B,H,B,H,H,H,B,H,H
200233,6,118.86053,B,-,H,H,H,H,B,H,H,B,-,B,B,H,H,H,H,H,H,B,H,B,H,H,B,-,-,H,H,B,B,H,H,B,B,B,B,H,B,B,H,B,H,H,B,B,B,H,H,H,H,B,H,B,H,H,B,H,H,B,B,H,H,B,B,B,B,B,B,B,H,B,H,B,B,B,H,B,H,H,H,B,H,H,H,H,H,B,-,B,B,B,B,H,-,B,-,-,-
200310,6,121.19566,H,H,H,H,H,H,H,A,A,B,-,B,B,A,A,H,A,H,A,-,H,H,A,H,B,H,-,A,A,B,B,A,A,B,H,B,B,H,H,B,A,B,H,A,B,B,B,H,H,A,H,B,H,B,H,A,B,H,A,B,B,A,H,H,H,B,B,B,H,H,H,B,H,H,B,B,H,H,H,H,H,H,H,H,A,H,A,B,H,B,B,H,B,H,H,H,B,H,H
200350,6,121.91179,H,H,H,H,H,H,H,A,A,B,H,B,B,A,A,H,A,H,H,H,H,H,A,H,B,H,-,A,A,B,B,A,A,B,H,B,B,H,H,B,A,B,H,A,B,B,B,H,H,A,H,B,H,B,H,A,B,H,A,B,B,A,H,H,H,B,B,B,H,H,H,B,H,H,B,B,H,H,H,H,H,H,H,H,A,H,A,B,H,B,B,H,B,H,H,H,B,H,H
200454,6,125.52387,H,H,H,H,H,H,H,A,A,B,H,B,B,A,A,H,A,H,H,-,H,H,A,H,B,-,-,A,A,B,B,A,A,B,H,B,B,H,H,B,A,B,H,A,B,B,B,H,H,A,H,B,H,B,H,A,B,H,A,B,B,A,H,H,H,B,B,B,H,H,H,B,B,H,B,B,H,H,H,H,H,H,H,H,A,H,A,B,H,B,B,H,B,H,H,H,B,H,H
200459,6,125.55826,H,H,H,H,H,H,H,A,A,B,H,B,B,A,A,H,A,H,A,H,H,H,A,H,B,-,-,A,A,B,B,A,A,-,H,B,B,H,H,B,A,B,H,A,B,B,B,H,H,A,H,B,H,B,H,A,B,H,A,B,B,A,H,H,H,B,B,B,H,H,H,B,B,H,B,B,H,H,H,H,H,H,H,H,A,H,A,B,H,B,B,H,B,H,H,H,B,H,H
200460,6,125.56104,H,H,H,H,H,H,H,A,A,B,H,B,B,A,A,H,A,H,A,H,H,H,A,H,B,-,-,A,A,B,B,A,A,-,H,B,B,H,H,B,A,B,H,A,B,B,B,H,H,A,H,B,H,B,H,A,B,H,A,B,B,A,H,H,H,B,B,B,H,H,H,B,B,H,B,B,H,H,H,H,H,H,H,H,A,H,A,B,H,B,B,H,B,H,H,H,B,H,H
200536,6,127.83589,H,H,H,H,H,H,H,A,A,B,H,B,B,A,A,H,A,H,-,-,H,H,A,H,B,-,-,A,A,H,B,A,A,B,-,B,B,H,H,B,A,B,H,A,B,B,B,H,H,A,H,B,H,B,H,A,B,H,A,B,B,A,H,H,H,B,B,B,H,H,H,B,B,H,B,B,H,H,H,H,H,H,H,H,A,H,A,B,H,B,-,H,B,H,-,H,B,H,H
200575,6,128.65713,H,H,H,H,H,-,H,A,-,B,H,B,B,A,A,H,A,H,-,-,H,H,A,H,B,H,-,A,-,H,B,A,A,B,H,B,B,H,H,B,A,B,H,A,B,B,B,H,H,A,H,B,H,B,H,-,B,H,A,B,B,A,H,H,H,B,B,B,H,H,H,B,B,H,B,B,H,H,H,H,H,H,H,H,A,H,A,B,H,B,B,H,B,H,H,H,B,H,H
200587,6,128.753,H,H,H,H,H,H,H,A,A,B,H,B,B,A,A,H,A,H,A,H,H,H,A,H,B,H,A,A,A,H,B,A,A,B,H,B,-,H,H,B,A,B,H,A,B,B,B,H,H,A,H,B,H,B,H,A,B,H,A,B,B,A,H,H,H,B,B,B,H,H,H,B,B,H,B,B,H,H,H,H,H,H,H,H,A,H,A,B,H,B,B,H,B,H,H,H,B,H,H
200615,6,129.70994,H,H,H,H,H,H,H,A,A,B,H,B,B,A,A,H,A,H,A,H,H,H,A,H,B,H,A,A,A,H,B,A,A,B,-,B,B,H,H,B,A,H,H,A,B,-,B,H,H,A,H,B,H,B,H,A,B,H,A,B,B,A,H,H,H,B,B,B,H,H,H,B,B,H,B,B,H,H,H,H,H,H,H,H,A,H,A,-,H,B,B,H,B,H,H,H,B,H,H
200625,6,129.91916,H,H,H,H,H,H,H,A,A,B,H,B,B,A,A,H,A,H,A,H,H,H,A,H,B,H,A,A,A,H,B,A,A,B,H,B,B,H,H,B,A,H,H,A,B,B,B,H,H,A,H,B,H,B,H,A,B,H,A,B,B,A,H,H,H,B,B,B,H,H,H,B,B,H,B,B,H,H,H,H,H,H,H,H,A,H,A,B,H,B,B,H,B,H,H,H,B,H,H
200744,6,132.05102,H,H,H,H,H,H,H,A,A,B,-,B,B,A,A,H,A,H,A,H,H,H,A,H,B,H,A,A,A,H,B,A,A,-,-,B,B,H,H,B,A,H,H,A,B,B,B,H,H,A,H,B,H,B,H,A,B,H,A,B,B,A,H,H,H,B,B,B,H,H,H,B,B,H,B,B,H,H,H,H,H,H,H,H,A,H,A,B,H,B,B,H,B,H,H,H,B,H,H
200863,6,134.52915,H,H,H,H,H,H,H,A,A,B,H,B,B,A,A,H,A,H,A,-,H,H,A,H,B,-,-,A,A,H,B,A,A,B,-,B,B,H,H,B,A,H,-,A,B,B,B,H,H,-,H,B,H,B,H,A,B,H,A,B,B,A,H,H,H,B,B,B,H,H,H,B,B,H,B,B,H,H,H,H,A,H,H,H,A,H,A,B,H,B,B,H,B,H,-,H,B,H,H
200898,6,135.02017,H,H,B,B,B,B,H,A,A,B,-,B,B,A,A,B,A,B,A,-,B,H,-,B,B,H,-,A,A,H,B,A,A,B,H,B,B,B,H,B,A,H,-,A,B,B,B,B,B,A,B,B,B,B,B,A,B,B,-,B,B,A,B,H,H,B,B,B,H,H,B,B,B,H,B,B,B,H,B,B,A,H,-,B,A,B,A,B,H,B,B,H,B,B,-,H,B,H,H
200901,6,135.02338,H,H,B,B,B,B,H,A,A,B,-,B,B,A,A,B,A,B,A,-,B,H,-,B,B,H,-,A,A,H,B,A,A,B,H,B,B,B,H,B,A,H,-,A,B,B,B,B,B,A,B,B,B,B,B,A,B,B,-,B,B,A,B,H,H,B,B,B,H,H,B,B,B,H,B,B,B,H,B,B,A,H,B,B,A,B,A,B,H,B,B,H,B,B,-,H,B,H,H
200988,6,136.43777,H,H,B,B,B,B,H,A,A,B,-,B,B,A,A,B,A,B,A,H,B,H,A,-,B,H,-,-,A,H,B,A,A,B,H,B,B,B,H,B,A,H,B,A,B,B,B,B,B,A,B,B,B,B,B,A,B,B,-,B,B,A,B,H,H,B,B,B,H,H,B,B,B,H,B,B,B,H,B,-,A,H,B,B,A,B,A,B,H,B,B,H,B,B,H,H,B,H,H
201101,6,138.96292,H,B,H,H,H,H,H,A,A,B,H,B,B,A,A,H,A,H,-,-,H,H,A,H,B,H,-,A,A,H,-,A,A,B,H,B,B,H,H,B,A,H,H,A,B,B,B,H,H,A,H,B,H,B,H,A,B,H,A,B,B,A,H,H,H,B,B,B,H,H,H,B,-,H,B,B,H,H,H,H,-,H,H,H,-,H,A,B,H,B,B,H,B,H,H,H,B,H,H
201103,6,138.978,H,B,H,H,H,H,H,A,A,B,-,B,B,A,A,H,A,H,-,H,H,H,A,H,B,-,-,A,A,H,B,A,A,B,-,B,B,H,H,B,A,H,H,A,B,B,B,H,H,A,H,B,H,B,H,A,B,H,A,B,B,A,H,H,H,B,B,B,H,H,H,B,B,H,B,B,H,H,H,H,A,H,H,H,A,H,A,B,H,B,B,H,B,H,-,H,B,H,H
201132,6,139.77251,H,B,H,H,H,H,H,A,A,B,-,B,B,A,A,H,A,H,-,H,H,H,A,H,B,-,A,A,A,H,B,A,A,B,-,B,B,H,H,B,A,H,H,A,B,B,B,H,H,A,H,B,H,B,H,A,B,H,A,B,B,A,H,H,H,B,B,B,H,H,H,B,B,H,B,B,H,H,H,H,A,H,H,H,A,H,A,B,H,B,B,H,B,H,-,H,B,H,H
201183,6,141.89806,H,B,H,B,B,B,H,A,-,B,-,B,B,A,A,H,A,B,A,H,B,H,A,H,B,H,-,A,A,H,B,A,-,B,-,B,B,H,H,B,A,H,B,A,B,B,B,B,B,A,B,B,B,B,B,A,B,H,-,B,B,A,B,H,H,B,B,B,H,H,H,B,-,H,B,B,H,H,B,B,A,H,B,B,A,B,A,B,H,B,B,H,B,B,-,H,B,H,H
201184,6,141.90086,H,B,H,B,B,B,H,A,-,B,-,B,B,A,A,H,-,B,A,H,B,H,A,H,B,H,-,A,A,H,B,A,-,B,-,B,B,H,H,B,A,H,B,A,B,B,B,B,B,A,B,B,B,B,B,A,B,H,A,B,B,A,B,H,H,B,B,B,H,H,H,B,-,H,B,B,H,H,B,B,A,H,B,B,A,B,A,B,H,B,B,H,B,B,-,H,B,H,H
201218,6,142.47754,H,B,H,H,H,H,H,A,A,B,H,B,B,A,A,H,A,H,A,-,H,H,A,H,B,H,A,A,A,H,B,A,A,B,-,B,B,H,H,B,A,H,H,A,B,B,B,H,H,A,H,B,H,B,H,A,-,H,A,B,B,A,H,H,H,B,B,B,H,H,H,B,B,H,B,B,H,H,H,H,A,H,H,H,A,H,A,B,H,B,B,H,B,H,-,H,B,H,H
201233,6,142.79614,H,B,H,B,B,B,H,A,A,B,H,B,B,A,A,H,A,-,-,-,B,H,A,H,B,H,-,-,A,H,B,A,A,B,H,B,B,H,H,B,-,H,B,-,B,B,B,B,B,A,B,B,B,B,B,A,B,H,A,B,B,A,B,H,H,B,B,B,H,H,H,B,B,H,B,B,H,H,B,B,A,H,B,B,A,B,A,B,H,B,B,H,B,B,H,H,B,H,H
201251,6,143.36404,H,B,H,H,H,H,H,A,A,B,H,B,B,A,A,H,A,H,A,H,H,H,A,H,B,-,-,A,A,H,B,A,A,B,-,B,B,H,H,B,A,H,H,A,B,B,B,H,H,A,H,B,H,B,H,A,B,H,A,B,B,A,H,H,H,B,B,B,H,H,H,B,B,H,B,B,H,H,H,H,A,H,H,H,A,H,A,B,H,B,B,H,B,H,H,H,B,H,H
201255,6,143.38714,H,B,H,H,H,H,H,A,A,B,H,B,B,A,A,H,A,H,-,-,H,H,A,H,B,H,-,A,A,H,B,A,A,B,-,B,B,H,H,B,A,H,H,A,B,B,B,H,H,A,H,B,H,B,H,A,B,H,A,B,B,A,H,H,H,B,B,B,H,H,H,B,B,H,B,B,H,H,H,H,A,H,H,H,A,H,A,B,H,B,B,H,B,H,-,H,B,H,H
201288,6,143.89198,H,B,H,H,H,H,H,A,A,B,-,B,B,A,A,H,A,H,A,-,H,H,A,H,B,-,-,A,A,H,B,A,A,B,-,B,B,H,H,B,A,H,H,A,B,B,B,H,H,A,H,B,B,B,H,A,B,H,A,B,B,A,H,H,H,B,B,B,H,H,H,B,B,H,B,B,H,H,H,H,A,H,H,H,A,H,A,B,-,B,B,H,B,H,-,H,B,H,H
201961,6,160.037,A,A,A,A,A,A,A,A,A,A,A,A,A,A,A,A,A,A,A,-,A,A,A,A,A,A,-,A,A,A,A,A,A,A,-,A,A,A,A,A,A,A,A,A,A,A,A,A,A,A,A,A,A,A,A,A,A,A,A,A,A,A,A,A,A,A,A,A,A,A,A,A,A,A,A,A,A,A,A,A,A,A,A,A,A,A,A,A,A,A,A,A,A,A,A,A,B,B,B
202246,6,165.70239,H,B,H,H,H,H,-,A,A,B,H,B,B,A,A,H,H,H,A,H,H,H,A,B,H,H,-,A,A,H,B,A,A,B,-,H,B,H,H,B,A,H,H,A,B,B,B,H,H,A,H,B,B,B,H,A,B,H,A,B,B,A,H,H,H,B,H,B,H,H,A,B,H,H,B,H,H,H,H,H,A,H,H,B,A,H,A,B,H,B,B,B,B,H,-,H,-,-,-
202389,6,170.06166,H,B,H,H,H,H,A,A,A,B,H,-,B,A,A,H,H,H,-,-,H,H,A,B,H,-,A,A,A,H,B,A,A,B,-,H,B,H,H,B,A,H,H,A,B,B,B,H,H,A,H,B,B,B,H,A,B,H,A,B,B,A,H,H,H,B,H,B,H,B,A,B,H,H,B,H,H,H,H,H,A,H,H,B,H,H,A,B,H,B,B,B,B,H,H,H,H,H,H
202401,6,170.27975,H,B,H,H,H,H,A,A,A,B,H,B,B,A,A,H,H,H,-,H,H,H,A,B,H,-,-,A,A,H,B,A,A,B,H,H,B,H,H,B,A,H,H,A,B,B,B,H,H,A,H,B,B,B,H,A,B,H,A,B,B,A,H,H,H,B,H,B,H,B,A,B,-,H,B,H,H,H,H,H,A,H,H,B,H,H,A,B,H,B,B,B,B,H,-,H,H,H,H
202470,6,172.12721,H,B,H,H,H,H,A,A,A,B,H,B,B,A,A,H,H,H,A,-,H,H,A,B,H,H,-,A,A,H,B,A,A,B,-,H,B,H,H,B,A,H,H,A,B,B,B,H,H,A,H,B,B,B,H,A,B,H,A,B,B,A,H,H,H,B,H,B,H,-,A,B,H,H,B,H,H,H,H,H,A,H,H,B,A,H,A,B,H,B,B,B,B,H,-,H,H,H,H
202482,6,172.43412,H,-,H,H,H,H,A,A,A,B,H,B,-,A,A,H,H,H,A,-,H,H,A,B,H,H,-,A,A,H,-,A,A,B,-,H,B,H,H,B,A,H,H,A,B,-,B,H,H,A,H,B,-,B,H,A,B,H,A,B,B,A,H,H,H,B,H,B,H,B,A,B,H,H,B,H,H,H,H,H,A,H,H,B,A,H,A,B,H,B,B,B,B,H,-,H,H,H,H
202793,6,179.53227,H,B,H,B,B,-,A,A,-,B,H,B,B,A,A,H,B,B,-,H,B,H,A,B,H,H,-,A,A,H,B,A,-,B,-,H,B,H,H,B,-,H,B,B,B,B,B,B,B,A,B,B,B,B,B,A,B,H,A,B,B,A,B,H,H,B,H,B,H,B,A,B,H,H,B,H,H,H,B,B,A,H,B,B,B,B,A,B,H,B,B,B,B,B,-,H,H,H,H
202794,6,179.5355,H,B,H,B,B,-,A,A,-,B,H,B,B,A,A,H,B,B,-,H,B,H,A,B,H,H,-,A,A,H,B,A,-,B,-,H,B,H,H,B,-,H,B,B,B,B,B,B,B,A,B,B,B,B,B,A,B,H,A,B,B,A,B,H,H,B,H,B,H,B,A,B,H,H,B,H,H,H,B,B,A,H,B,B,B,B,A,B,H,B,B,B,B,B,-,H,H,H,H
202860,6,180.91781,H,B,H,H,H,H,A,A,A,B,H,B,B,A,A,H,H,H,A,-,H,H,A,B,H,H,-,A,A,H,B,A,A,B,-,H,B,H,H,B,A,H,H,H,B,B,B,H,H,A,H,B,B,B,H,A,B,H,A,B,B,A,H,H,H,B,H,B,H,B,A,B,H,H,B,H,H,H,H,H,A,H,H,B,H,H,A,B,H,B,B,B,B,H,-,H,H,H,H
202896,6,181.98689,H,B,H,H,H,H,A,A,A,B,H,B,B,A,A,H,H,H,A,H,H,H,A,B,H,H,-,A,A,H,B,A,A,B,-,H,B,H,H,B,A,H,H,H,B,B,B,H,H,A,H,B,B,B,H,A,B,H,A,B,B,A,H,H,H,B,H,B,H,B,A,B,H,H,B,H,H,H,H,H,A,H,H,B,H,H,A,B,H,B,B,B,B,H,-,H,H,H,H
202976,6,183.64265,H,B,H,H,H,H,A,A,A,B,-,B,B,A,A,H,H,H,A,-,H,H,A,B,H,-,A,A,A,H,B,A,A,-,-,H,B,H,H,B,A,H,H,H,B,B,B,H,H,A,H,B,B,B,H,A,B,H,A,B,B,A,H,H,H,B,H,B,H,B,A,B,H,H,B,H,H,H,H,H,A,H,H,B,H,H,A,B,H,B,H,B,B,H,H,H,H,H,H
203094,6,186.40575,H,B,H,H,H,H,A,A,A,B,H,B,B,A,A,H,H,H,A,H,H,H,A,B,H,-,-,A,A,H,B,A,A,B,-,H,B,H,H,B,A,H,H,H,B,B,B,H,H,A,H,B,B,-,H,A,B,H,-,B,B,A,H,H,H,B,H,B,H,B,A,B,H,H,B,H,H,H,H,H,A,H,H,B,H,H,A,B,H,B,B,B,-,H,H,H,H,H,H
203113,6,186.91873,H,B,H,H,H,H,A,A,A,B,H,B,B,A,A,H,H,H,A,-,H,H,A,B,H,H,A,A,A,H,B,A,A,B,H,H,B,H,H,B,A,H,H,H,B,B,B,H,H,A,H,B,B,B,H,A,B,H,A,B,B,A,H,H,H,B,H,B,H,B,A,B,H,H,B,H,H,H,H,H,A,H,H,B,H,H,A,B,H,B,B,B,B,H,-,H,H,H,H
203150,6,187.74347,A,A,A,A,A,A,A,A,A,A,A,A,A,A,A,A,A,A,A,-,A,A,A,A,A,A,-,A,A,A,A,A,A,A,A,A,A,A,A,A,A,A,-,A,A,A,A,A,A,A,A,A,A,A,A,A,A,A,A,A,A,A,A,A,A,A,A,A,A,A,A,A,A,A,A,A,A,A,A,A,A,A,A,A,A,A,A,A,A,-,A,A,A,A,-,A,B,B,B
203192,6,188.7632,H,B,H,B,B,B,A,A,A,B,-,B,B,A,A,H,B,B,-,H,B,H,A,B,H,H,-,-,A,H,B,A,A,B,H,H,B,H,H,B,A,H,B,B,B,B,B,B,B,A,B,B,B,B,B,A,B,H,A,B,B,H,B,H,H,B,H,B,H,B,A,B,H,H,B,H,H,H,B,-,A,H,B,B,B,-,A,B,H,B,B,B,B,B,-,H,H,H,H
203193,6,188.76612,H,B,H,B,B,B,A,A,A,B,-,B,B,A,A,H,B,B,-,H,B,H,A,B,H,H,-,-,A,H,B,A,A,B,H,H,B,H,H,B,A,H,B,B,B,B,B,B,B,A,B,B,B,B,B,A,B,H,A,B,B,H,B,H,H,B,H,B,H,B,A,B,H,H,B,H,H,H,B,-,A,H,-,B,B,-,A,B,H,B,B,B,B,B,-,H,A,A,A
203272,6,190.59301,H,B,H,H,H,H,A,A,A,B,H,B,B,A,A,H,H,H,A,H,H,H,A,B,H,-,A,A,A,H,B,A,A,B,-,H,B,H,H,B,A,H,H,H,B,B,B,H,H,A,H,B,B,B,H,A,B,H,A,B,B,H,H,H,H,B,H,B,H,B,A,B,-,H,B,H,H,H,H,H,A,H,H,B,H,H,A,B,H,B,-,B,B,H,-,H,H,H,H
203287,6,190.81091,H,B,H,H,H,H,A,A,A,B,H,B,B,A,A,H,H,H,A,-,H,H,A,B,H,H,-,A,A,H,B,A,A,B,H,H,B,H,H,B,A,H,H,H,B,B,B,H,H,A,H,B,B,B,H,A,B,H,A,B,B,H,H,H,H,B,H,B,H,B,A,B,H,H,B,H,H,H,H,H,A,H,H,B,H,H,A,B,H,B,B,B,B,H,-,H,H,H,H
203345,6,192.5459,H,B,H,H,H,H,A,A,A,B,H,B,B,A,A,H,H,H,A,-,H,H,A,B,H,-,-,-,A,H,B,A,A,B,-,H,B,H,H,B,A,H,H,H,B,B,B,H,H,A,H,B,B,B,H,A,B,H,A,B,B,H,H,H,H,B,H,B,H,B,A,B,H,H,B,H,H,H,H,H,A,H,H,B,H,H,A,B,H,B,B,B,B,H,-,H,H,H,H
203347,6,192.54863,A,A,A,A,A,A,A,A,A,A,A,A,A,A,A,A,A,A,A,-,A,A,A,A,A,-,-,-,A,A,A,A,A,A,-,A,A,A,A,A,A,A,A,A,A,A,A,A,A,A,A,A,A,A,A,A,A,A,A,A,A,A,A,A,A,A,A,A,A,A,A,A,A,A,A,A,A,A,A,A,A,A,A,A,A,A,A,A,A,A,A,A,A,A,-,A,B,B,B
203375,6,193.67717,B,B,B,B,B,B,B,B,B,B,-,B,B,B,B,B,B,-,B,B,B,B,B,B,B,B,-,B,B,B,B,B,B,B,B,B,B,B,B,B,B,B,B,B,B,B,B,B,B,B,B,B,B,B,B,B,B,B,B,B,B,B,B,B,B,B,B,B,B,B,B,B,-,B,B,B,B,B,B,B,B,B,B,B,B,B,B,B,B,B,B,B,B,B,-,B,A,A,-
203588,6,203.04505,H,B,H,B,H,H,A,A,A,B,-,B,B,A,A,H,H,H,A,H,H,H,A,B,H,-,-,A,A,H,B,A,A,B,H,H,B,H,B,B,A,H,H,H,B,B,B,H,-,A,H,B,B,B,H,A,B,A,A,B,B,H,H,H,H,B,H,B,H,B,A,B,H,H,B,H,H,H,H,H,A,H,H,B,H,H,A,B,H,B,B,B,B,H,H,H,H,H,H
203592,6,203.22351,H,B,H,B,H,H,A,A,A,B,H,B,B,A,A,H,H,-,A,-,H,H,A,B,H,-,-,A,A,H,B,A,A,B,B,H,B,H,H,B,A,H,H,H,B,B,B,H,H,A,H,B,B,B,H,A,B,H,A,B,B,H,H,H,H,B,H,B,H,B,A,B,H,H,B,H,H,H,H,H,A,H,H,B,H,H,A,B,H,B,B,B,B,H,H,H,H,H,H
203638,6,204.59629,H,B,H,B,H,H,A,A,A,B,-,B,B,A,A,H,H,H,A,H,H,H,A,B,H,H,A,-,A,H,B,A,A,B,H,H,B,H,B,B,A,H,H,H,B,H,B,H,H,A,H,B,B,B,H,A,B,H,A,B,B,-,H,H,H,B,H,B,H,B,A,B,H,H,B,H,H,H,H,H,A,H,H,B,H,H,A,B,H,B,B,B,B,H,-,H,H,H,H
203646,6,204.87061,H,B,H,B,H,H,A,A,A,B,H,B,B,A,A,H,H,H,A,-,H,H,A,B,H,H,-,A,A,H,B,A,A,B,H,H,B,H,H,B,A,H,H,H,B,H,B,H,H,A,H,B,B,-,H,A,B,H,A,B,B,H,H,H,H,B,H,B,H,B,A,B,H,H,B,B,H,H,H,H,A,H,H,B,H,H,A,B,H,B,B,B,B,H,-,H,H,H,H
203648,6,204.95157,H,B,H,B,H,H,A,A,A,B,-,B,B,A,A,H,H,H,-,H,H,H,A,B,B,H,-,A,A,H,B,A,A,B,H,H,B,H,H,B,A,H,B,H,B,H,B,H,H,A,H,B,B,B,H,A,B,H,A,B,B,H,H,H,H,B,H,B,H,B,A,B,H,H,B,H,H,H,H,A,A,H,H,B,H,H,A,B,A,B,B,B,B,H,H,H,-,-,-
203691,6,205.99511,H,B,H,B,H,H,A,A,-,B,-,B,B,A,A,H,H,H,A,-,H,H,A,B,H,-,-,A,A,H,B,A,A,B,H,H,B,H,H,B,A,H,H,H,B,H,B,H,H,A,H,B,B,B,H,A,B,H,A,B,B,H,H,H,H,B,H,B,H,B,A,B,H,H,B,H,H,H,H,H,A,H,H,B,H,H,A,B,H,B,B,B,B,H,H,H,H,H,H
203870,6,209.88646,B,B,B,B,H,H,H,B,H,B,-,B,B,H,B,B,H,H,H,-,H,B,H,B,B,-,-,H,H,B,B,H,H,B,B,B,B,B,B,B,H,B,H,H,B,H,B,H,H,B,H,B,B,B,H,B,B,B,B,B,B,B,H,B,B,B,B,B,B,B,B,B,B,B,B,B,B,B,H,H,B,B,H,B,H,H,H,B,B,B,B,B,B,H,-,B,-,-,-
203999,6,213.6379,B,B,H,B,H,H,A,A,A,B,H,B,B,A,A,H,H,H,-,-,H,H,A,B,H,H,-,A,A,H,B,A,A,B,-,H,B,H,H,B,A,H,H,H,B,H,B,H,H,A,H,B,B,B,H,A,B,H,A,B,B,H,H,H,H,B,H,B,H,H,A,B,H,H,B,H,H,H,H,H,A,H,H,B,H,H,A,B,H,B,B,B,B,H,H,H,H,H,H
204380,6,222.05312,H,H,A,H,A,A,A,A,A,A,A,A,H,A,A,A,A,A,A,A,A,A,A,A,A,A,-,A,A,A,H,A,A,H,H,A,H,A,H,H,A,H,A,A,H,A,A,A,A,A,A,H,H,H,A,A,A,A,A,H,H,A,A,H,H,A,A,A,H,A,A,H,H,H,H,A,A,A,A,A,A,H,A,H,A,A,A,H,-,H,H,H,H,A,-,A,-,-,-
204574,6,225.90516,B,B,B,B,B,B,B,B,B,B,-,B,B,B,B,B,B,B,-,B,B,B,B,B,B,B,-,-,B,B,B,B,B,B,B,B,B,B,B,B,B,B,B,B,B,B,B,B,B,B,B,B,B,B,B,B,-,B,B,B,B,B,B,B,B,-,B,B,B,B,B,B,B,B,B,B,B,B,B,B,B,B,B,B,B,B,B,B,B,B,-,B,B,B,-,B,A,-,A
204889,6,234.37286,B,B,B,B,B,B,B,B,B,B,B,B,B,B,B,B,B,B,B,-,B,B,B,B,B,B,-,B,B,B,B,B,B,B,-,B,B,B,B,B,B,B,B,B,B,B,B,B,B,B,B,B,B,B,B,B,B,B,B,B,B,B,B,B,B,B,B,B,B,B,B,B,B,B,B,B,B,B,B,B,B,B,B,B,B,B,B,B,B,B,B,B,B,B,-,B,A,A,A
204970,6,236.62889,B,B,A,H,H,H,A,A,-,B,H,B,-,H,A,H,H,H,A,-,H,H,A,B,H,H,-,A,A,H,B,A,A,B,-,H,H,H,H,B,A,H,A,H,B,H,B,H,H,A,H,B,H,B,H,A,B,H,-,B,B,H,H,H,H,B,H,H,H,H,A,B,H,H,B,-,H,A,A,H,A,H,H,B,H,H,A,B,H,B,B,B,B,H,H,H,H,H,H
204971,6,236.63158,B,-,A,H,H,H,A,A,A,B,H,B,-,H,A,H,H,H,A,-,H,H,A,B,H,H,-,A,A,H,B,A,A,B,-,H,H,H,H,B,A,H,A,H,B,H,B,H,H,A,H,B,H,B,H,A,B,H,-,B,B,H,H,H,H,B,H,H,H,H,A,B,H,H,B,-,H,A,A,H,A,H,H,B,H,H,A,B,H,-,B,B,B,H,H,H,H,H,H
204974,6,236.73861,B,B,A,H,H,H,A,A,A,B,-,B,B,H,A,H,H,H,-,-,H,H,A,B,H,H,-,A,-,H,B,A,A,B,H,H,H,H,H,B,A,H,A,H,B,H,B,H,H,A,H,B,H,B,H,A,B,H,-,B,B,H,H,H,H,B,H,H,H,H,A,B,H,H,B,H,H,-,A,H,A,H,H,B,H,H,A,B,H,B,B,B,B,H,H,H,H,H,H
205186,6,241.41031,A,A,A,A,A,A,A,A,A,A,-,A,A,A,A,A,A,A,-,-,A,A,A,A,A,A,A,A,A,A,A,A,A,A,-,A,A,A,A,A,A,A,A,A,A,A,A,A,A,A,A,A,A,A,A,A,A,A,A,A,A,A,A,A,A,A,A,A,A,A,A,A,A,A,A,A,A,A,A,A,A,A,A,A,A,A,A,A,A,A,A,A,A,A,-,A,B,-,B
205265,6,243.66781,B,B,A,H,H,H,A,A,A,B,H,B,-,H,A,H,H,H,-,-,H,H,A,B,H,-,-,A,A,H,B,A,A,-,-,H,H,H,H,B,A,H,A,H,H,H,B,H,H,A,H,B,H,B,H,A,H,A,A,B,B,H,H,H,A,H,H,H,H,H,A,B,H,H,B,H,H,A,A,H,A,H,H,B,H,A,A,H,H,B,-,B,B,B,-,H,H,H,H
205464,6,248.5784,B,H,A,H,H,H,A,A,A,B,H,B,B,H,A,H,H,H,-,-,H,H,A,B,H,H,-,A,A,H,B,A,A,B,H,H,H,H,H,B,A,H,A,H,H,H,B,H,H,A,B,H,H,B,H,A,H,A,-,B,B,H,H,H,A,H,H,H,H,H,A,B,H,H,B,H,H,A,A,H,A,H,H,B,H,A,A,H,H,B,B,B,B,B,-,H,H,H,H
205465,6,248.58158,B,H,A,H,H,H,A,A,A,B,H,B,B,H,A,H,H,H,-,-,H,H,A,B,H,H,-,A,A,H,B,A,A,B,H,H,H,H,H,B,A,H,A,H,H,H,B,H,H,A,B,H,H,B,H,A,H,A,-,B,B,H,H,H,A,H,H,H,H,H,A,B,H,H,B,H,H,A,A,H,A,H,H,B,H,A,A,H,H,B,B,B,B,B,-,H,H,H,H
205466,6,248.73357,B,H,A,H,H,H,A,A,A,B,-,B,B,H,A,H,H,H,A,-,H,H,A,B,H,-,-,A,A,H,B,A,A,B,-,H,H,H,H,B,A,H,A,H,H,H,B,H,H,A,B,H,H,B,H,A,H,A,A,B,B,H,H,H,A,H,H,H,H,H,A,B,H,H,B,H,H,A,A,H,A,H,H,B,H,A,A,H,H,B,B,B,B,B,H,H,H,H,H
205467,6,248.73623,B,H,A,H,H,H,A,A,A,B,-,B,B,H,A,H,H,H,A,-,H,H,A,B,H,-,-,A,A,H,B,A,A,B,-,H,H,H,H,B,A,H,A,H,H,H,B,H,H,A,B,H,H,B,H,A,H,A,A,B,B,H,H,H,A,H,H,H,H,H,A,B,H,H,B,H,H,A,A,H,A,H,H,B,H,A,A,H,H,B,B,B,B,B,H,H,H,H,H
205474,6,248.91846,B,H,A,H,H,H,A,A,A,B,-,B,B,H,A,H,H,H,A,-,H,H,A,B,H,H,-,A,A,H,B,A,A,-,H,H,H,H,H,B,A,H,A,H,H,H,B,H,H,A,B,H,H,B,H,A,H,A,-,B,B,H,H,H,A,H,H,H,H,H,A,B,H,H,B,H,H,A,A,H,A,H,H,-,H,A,A,H,-,B,-,B,B,B,H,H,H,H,H
205475,6,248.92183,B,H,A,H,H,H,A,A,A,B,-,B,B,H,A,H,H,H,A,-,H,H,A,B,H,H,-,A,A,H,B,A,A,-,H,H,H,H,H,B,A,H,A,H,H,H,B,H,H,A,B,H,H,B,H,A,H,A,-,B,B,H,H,H,A,H,H,H,H,H,A,B,H,H,B,H,H,A,A,H,A,H,H,B,H,A,A,H,-,B,-,B,B,B,H,H,H,H,H
205487,6,249.08774,B,H,A,H,H,H,A,A,A,B,H,B,B,H,A,H,H,H,-,A,H,H,A,B,H,H,-,A,A,H,B,A,A,B,-,H,H,H,H,B,A,H,A,H,H,H,B,H,H,A,B,H,H,B,H,A,H,A,A,B,B,H,H,H,A,H,H,H,H,H,A,B,H,H,B,H,H,A,A,H,A,H,H,B,H,A,A,H,H,B,B,B,B,B,H,H,H,H,H
205498,6,249.18352,B,H,A,H,H,H,A,A,A,B,-,B,B,H,A,H,H,H,-,-,H,H,A,B,H,-,-,A,A,H,B,A,A,B,H,H,H,H,H,B,A,H,A,H,H,H,B,H,H,A,B,H,H,B,H,A,H,-,A,B,B,H,H,H,A,H,H,H,H,H,A,B,-,H,B,H,H,A,A,H,A,H,H,B,H,A,A,H,H,B,B,B,B,B,-,H,H,H,H
205500,6,249.18687,B,H,A,H,H,H,A,A,A,B,-,B,B,H,A,H,H,H,-,-,H,H,A,B,H,-,-,A,A,H,B,A,A,-,H,H,H,H,H,B,A,H,A,H,H,H,B,H,H,A,B,H,H,B,H,A,H,A,A,B,B,H,H,H,A,H,H,H,H,H,A,B,-,H,B,H,H,A,A,H,A,H,H,B,H,A,A,H,H,B,B,B,B,B,-,H,H,H,H
205511,6,249.26959,B,H,A,H,H,H,A,A,A,B,H,B,B,H,A,H,H,H,A,-,H,H,A,B,H,-,-,-,A,H,B,A,A,B,-,H,H,H,H,B,A,H,A,H,H,H,B,H,H,A,B,H,H,B,H,A,H,A,A,B,-,H,H,H,A,H,H,H,H,H,A,B,H,H,B,H,H,A,A,H,A,H,H,B,H,A,A,H,H,B,B,B,B,B,H,H,-,-,-
205512,6,249.27228,B,H,A,H,H,H,A,A,A,B,H,B,B,H,A,H,H,H,A,-,H,H,A,B,H,-,-,-,A,H,B,A,A,B,-,H,H,H,H,B,A,H,A,H,H,H,B,H,H,A,B,H,H,B,H,A,H,A,A,B,B,H,H,H,A,H,H,H,H,H,A,B,H,H,B,H,H,A,A,H,A,H,H,B,H,A,A,H,H,-,B,B,B,B,H,H,H,H,H
205516,6,249.41261,B,H,A,H,H,H,A,A,A,B,H,B,B,H,A,H,H,H,-,-,H,H,A,B,H,H,A,-,A,H,B,A,A,B,-,H,H,H,H,B,A,H,A,H,H,H,B,H,H,A,B,H,H,B,H,A,H,A,A,B,B,H,H,H,A,H,H,H,H,H,A,B,H,H,B,H,H,A,A,H,A,H,H,B,H,A,A,H,H,B,-,B,B,B,-,H,H,H,H
205540,6,249.87442,B,H,A,H,H,H,A,A,A,B,-,B,B,H,A,H,H,H,A,-,H,H,A,B,H,-,-,A,A,H,B,A,A,B,-,H,H,H,H,B,A,H,A,H,H,H,B,H,H,A,B,H,H,B,H,A,H,A,A,B,B,H,H,H,A,H,H,H,H,H,A,B,H,H,B,H,H,A,A,H,A,H,H,B,H,A,A,H,H,B,B,B,B,B,-,H,H,H,H
205575,6,250.79592,B,H,A,A,H,H,A,A,A,B,H,B,-,-,A,H,H,H,-,A,H,H,A,B,H,H,-,A,A,H,B,A,A,B,H,H,H,H,H,B,A,H,A,H,H,H,B,H,H,A,B,H,H,B,H,A,-,A,H,B,B,H,H,H,A,H,H,H,A,H,A,B,H,H,H,H,H,A,A,H,A,A,H,B,H,A,A,H,A,-,B,B,B,H,-,H,H,A,H
205628,6,251.86786,B,H,A,H,H,H,A,A,-,B,-,B,B,H,A,H,H,H,A,A,H,H,A,B,H,H,-,A,A,H,B,A,A,B,-,H,H,H,H,B,A,H,A,H,H,H,B,H,H,A,B,H,H,B,H,A,H,A,H,B,B,H,H,H,A,H,H,H,H,H,A,B,H,H,H,H,H,A,A,H,A,H,H,B,H,A,A,H,H,B,B,B,B,B,-,H,H,H,H
205727,6,254.44304,B,H,A,H,H,H,A,A,A,B,-,B,B,H,A,H,H,H,A,A,H,H,A,B,H,H,-,A,A,H,B,A,A,B,-,H,H,H,H,B,A,H,A,H,H,H,B,H,H,A,B,H,H,B,H,A,H,A,H,B,B,H,H,H,A,H,H,H,H,H,A,B,H,H,H,H,H,A,A,H,A,H,H,B,H,A,A,H,H,B,B,B,B,B,-,H,H,H,H
205773,6,255.24741,B,H,A,H,H,H,A,A,A,B,-,B,B,H,A,H,H,H,-,A,H,H,A,B,H,-,-,A,A,H,B,A,A,B,-,H,H,H,-,B,-,H,-,H,H,H,B,H,H,A,B,H,H,B,H,A,H,A,H,B,B,H,H,H,A,H,H,H,H,H,A,B,H,H,H,H,H,A,A,H,A,H,H,B,H,A,A,H,-,B,B,B,B,B,H,H,H,H,H
205801,6,255.66606,B,H,A,H,H,H,A,A,A,B,-,B,B,H,A,H,H,H,A,A,H,H,A,B,H,H,A,A,A,H,B,A,A,B,-,H,H,H,H,B,A,H,A,H,H,H,B,H,H,A,B,H,H,B,H,A,H,A,H,B,B,H,H,H,A,H,H,H,H,H,A,B,H,H,H,H,H,A,A,H,A,H,H,B,H,A,A,H,H,B,B,B,B,B,-,H,H,H,H
205856,6,257.05577,B,H,A,A,H,H,A,A,A,B,H,B,B,A,A,H,H,H,A,-,H,H,A,B,H,H,-,A,A,H,B,A,A,B,-,H,H,H,H,B,A,H,-,H,H,H,B,H,H,A,B,H,H,B,H,A,H,A,H,B,B,H,H,H,A,H,H,H,A,H,A,B,H,H,H,H,H,A,A,H,A,A,H,B,H,A,A,H,A,B,B,B,B,B,A,H,H,A,H
205857,6,257.05835,B,H,A,A,H,H,A,A,A,B,H,B,B,A,A,H,H,H,A,-,H,H,A,B,H,H,-,A,A,H,B,A,A,B,-,H,H,H,H,B,A,H,-,H,H,H,B,H,H,A,B,H,H,B,H,A,H,A,H,B,B,H,H,H,A,H,H,H,A,H,A,B,H,H,H,H,H,A,A,H,A,A,H,B,H,A,A,H,A,B,B,B,B,B,A,H,H,A,H
205891,6,258.07031,B,H,A,H,H,H,A,A,A,B,H,B,B,H,A,H,H,H,A,-,H,H,A,B,H,H,-,A,A,H,B,A,A,B,H,H,H,H,H,B,A,H,A,H,H,H,B,B,H,A,B,H,H,B,H,A,H,A,H,B,B,H,H,H,A,H,H,H,H,H,A,B,H,H,H,H,H,A,A,H,A,H,H,B,H,A,A,H,-,B,B,B,B,B,H,H,H,H,H
205893,6,258.07314,B,H,A,H,H,H,A,A,A,B,H,B,B,H,A,H,H,H,A,-,H,H,A,B,H,H,-,A,A,H,B,A,A,B,H,H,H,H,H,B,A,H,A,H,H,H,B,B,H,A,B,H,H,B,H,A,H,A,H,B,B,H,H,H,A,H,H,H,H,H,A,B,H,H,H,H,H,A,A,H,A,H,H,B,H,A,A,H,-,B,B,B,B,B,H,H,H,H,H
205957,6,259.65288,B,H,A,H,H,H,A,A,A,B,-,B,B,H,A,H,H,H,A,A,H,H,A,B,H,H,-,A,A,H,B,A,A,B,-,H,H,H,H,B,A,H,A,H,H,H,B,B,H,A,B,H,H,B,H,A,H,A,H,B,B,H,H,H,A,H,H,H,H,H,A,B,H,H,A,H,H,A,A,H,A,H,H,B,H,A,A,H,H,B,B,B,B,B,-,H,-,-,-
205963,6,259.92094,B,H,A,H,H,H,A,A,A,B,H,B,B,H,A,H,H,H,A,A,H,H,A,B,H,H,A,A,A,H,B,A,A,B,-,H,H,H,H,B,A,H,A,H,H,H,B,B,H,A,B,H,H,B,H,A,H,A,H,B,B,H,H,H,A,H,H,H,H,H,A,B,H,H,H,H,H,A,A,H,A,H,H,B,H,A,A,H,H,B,B,B,B,B,H,H,H,H,H
205970,6,260.02295,B,H,A,H,H,H,A,A,A,B,H,B,B,H,A,H,H,H,-,A,H,H,A,B,H,H,-,A,A,H,B,A,A,B,H,H,H,H,H,B,A,H,A,H,H,H,B,B,H,A,B,H,H,B,H,A,H,A,H,B,B,H,H,H,A,H,H,H,H,H,A,B,H,H,H,H,H,A,A,H,A,H,H,B,H,A,A,H,H,B,B,B,B,B,H,H,H,H,H
205983,6,260.45279,B,H,A,H,H,H,A,A,A,B,-,B,B,H,A,H,H,H,H,-,H,H,A,B,H,H,A,A,A,H,B,A,A,B,-,H,H,H,H,B,A,H,A,H,H,H,B,B,H,A,B,H,H,B,H,A,H,A,H,B,B,H,H,H,A,H,H,H,H,H,A,B,H,H,H,H,H,A,A,H,A,H,H,B,H,A,A,H,H,B,B,B,B,B,H,H,H,H,H
205993,6,260.65079,B,H,A,H,H,H,A,A,A,B,H,B,B,H,A,H,H,H,A,-,H,H,A,B,H,H,-,A,A,H,B,A,A,B,-,H,H,H,H,B,A,H,A,H,H,H,B,B,H,A,B,H,H,B,H,A,H,A,H,B,B,H,H,H,A,H,H,H,H,H,A,B,H,H,H,H,H,A,A,H,A,H,H,B,H,A,A,H,H,B,B,B,B,B,H,H,H,H,H
206028,6,261.26858,B,H,A,H,H,H,A,A,A,B,H,B,B,H,A,H,H,H,-,-,H,H,A,B,H,-,-,A,A,H,B,A,A,B,-,H,H,H,H,B,A,H,-,H,H,H,B,B,H,A,B,H,H,B,H,A,H,A,H,B,B,H,H,H,A,H,H,H,H,H,A,B,H,H,H,H,H,A,A,H,A,H,H,B,H,A,A,H,H,B,B,B,B,B,H,H,H,H,H
206035,6,261.5071,B,H,A,H,H,H,A,A,A,B,-,B,B,H,A,H,H,H,A,A,H,H,A,B,H,H,-,A,A,H,B,A,A,-,-,H,H,H,H,B,A,H,A,H,H,H,B,B,H,A,B,H,H,B,H,A,H,A,H,B,B,H,H,H,A,H,H,H,H,H,A,B,H,H,H,H,-,A,A,H,A,H,H,B,H,A,A,H,H,B,B,B,B,B,-,H,H,H,H
206086,6,262.49843,B,H,A,H,H,H,A,A,A,B,-,B,B,H,A,H,H,H,A,A,H,H,A,B,H,-,-,A,A,H,B,A,A,B,H,H,H,H,H,B,A,H,A,H,H,H,B,B,H,A,B,H,H,B,H,A,H,A,H,B,B,H,H,H,A,H,H,H,H,H,A,B,H,H,H,H,H,A,A,H,A,H,H,B,H,A,A,H,H,B,B,B,B,B,H,H,H,H,H
206199,6,264.97883,B,H,A,H,H,H,A,A,A,B,-,B,-,H,A,H,H,H,A,-,H,H,A,B,H,-,-,A,A,H,B,A,A,B,-,H,H,H,H,B,A,H,A,H,H,H,B,B,H,A,H,H,H,B,H,A,H,A,H,B,B,H,H,H,A,H,H,H,H,H,A,B,H,H,H,H,H,A,A,A,A,H,H,B,H,A,A,H,H,B,-,B,B,B,H,H,H,H,H
206203,6,265.38133,B,H,A,H,H,H,A,A,A,B,-,B,B,H,A,H,H,H,A,H,H,H,A,B,H,-,-,A,A,H,B,A,A,B,-,H,H,H,H,B,A,H,A,H,H,H,B,B,H,A,H,H,H,B,H,A,H,H,H,B,B,H,H,H,A,H,H,H,H,H,A,B,H,H,H,H,-,A,A,A,A,H,H,B,H,A,A,H,H,-,B,B,B,B,-,H,H,H,H
206220,6,265.5377,B,H,A,H,H,H,A,A,A,B,H,B,B,H,A,H,H,H,A,H,H,H,A,B,H,H,-,A,A,H,B,A,A,B,-,H,H,H,H,B,A,H,A,H,H,H,B,B,H,A,H,H,H,B,H,A,H,H,H,B,B,H,H,H,A,H,H,H,H,H,A,B,H,H,H,H,H,A,A,A,A,H,H,B,H,A,A,H,H,B,B,B,B,B,H,H,H,H,H
206242,6,266.44378,B,H,A,H,H,H,A,A,A,B,H,B,B,H,A,H,H,H,A,-,H,H,A,B,H,-,A,A,A,H,B,A,A,B,H,H,H,H,H,B,A,H,A,H,H,H,B,B,H,A,H,H,H,B,H,A,H,H,H,B,B,H,H,H,A,H,H,H,H,H,A,B,H,H,H,H,H,A,A,A,A,H,H,B,H,A,A,H,-,B,B,B,B,B,-,H,H,H,-
206269,6,267.11652,B,H,A,H,H,H,A,A,A,B,-,B,B,H,A,H,H,H,A,-,H,H,A,B,H,-,-,A,A,H,B,A,A,B,H,H,H,H,H,B,A,H,A,H,H,H,B,B,H,A,H,H,H,B,H,A,H,H,-,B,B,H,H,H,A,H,H,H,H,H,A,B,H,H,H,H,H,A,A,A,A,H,H,B,H,A,A,H,H,B,B,B,B,B,H,H,H,H,H
206313,6,268.31955,B,H,A,H,H,H,-,A,A,B,H,B,B,H,A,H,H,H,-,H,H,H,A,B,H,-,A,A,A,H,B,A,A,B,-,H,H,H,H,B,A,H,A,H,H,H,B,B,H,-,H,H,H,B,H,A,H,H,H,B,B,H,H,H,A,H,H,H,H,H,A,B,H,H,H,H,H,A,A,-,A,H,H,B,H,A,A,H,-,B,B,B,B,B,-,H,H,H,H
206353,6,268.90944,B,H,A,H,H,H,A,A,A,B,H,B,B,H,A,H,H,H,A,-,H,H,A,B,H,H,-,A,A,H,B,A,A,B,-,H,H,H,H,B,A,H,A,H,H,H,B,B,H,A,H,H,H,B,H,A,H,H,H,B,B,H,H,H,A,H,H,H,H,H,A,B,H,H,H,H,H,A,A,A,A,H,H,B,H,A,A,H,H,B,B,B,B,B,H,H,H,H,H
206354,6,268.9665,B,H,A,H,H,H,A,A,A,B,-,B,B,H,A,H,H,H,A,H,H,H,-,B,H,-,A,A,A,H,B,A,A,B,-,H,H,H,H,B,A,H,A,H,H,H,B,B,H,A,H,H,H,B,H,A,H,H,H,B,B,H,H,H,A,H,H,H,H,H,A,B,H,H,H,H,H,A,A,A,A,H,H,B,H,A,A,H,H,B,-,B,B,B,-,H,H,H,H
206355,6,268.97002,B,H,A,H,H,H,A,A,A,B,-,B,B,H,A,H,H,H,A,H,H,H,A,B,H,-,A,A,A,H,B,A,A,B,-,H,H,H,H,B,A,H,A,H,H,H,B,B,H,A,H,H,H,B,H,A,H,H,H,B,B,H,H,H,A,H,H,H,H,H,A,B,H,H,H,H,H,A,A,A,A,H,H,B,H,A,A,H,H,B,-,B,B,B,-,H,H,H,H
206356,6,269.07419,B,H,A,A,H,H,A,A,A,B,H,B,B,A,A,H,H,H,A,H,H,H,A,B,H,-,-,A,A,H,B,A,A,B,H,H,H,H,H,-,A,H,A,H,H,H,B,B,H,A,A,H,H,B,H,A,H,H,H,B,B,H,H,H,A,H,H,H,A,H,A,B,H,H,H,H,H,A,A,A,A,A,H,B,H,A,A,H,A,B,B,B,B,B,-,H,H,A,H
206357,6,269.07716,B,H,A,A,H,H,A,A,A,B,H,B,B,A,A,H,H,H,A,H,H,H,A,B,H,-,-,A,A,H,B,A,A,B,H,H,H,H,H,-,A,H,A,H,H,H,B,B,H,A,A,H,H,B,H,A,H,H,H,B,B,H,H,H,A,H,H,H,A,H,A,B,H,H,H,H,H,A,A,A,A,A,H,B,H,A,A,H,A,B,B,B,B,B,-,H,H,A,H
206363,6,269.32346,B,H,A,A,H,H,A,A,A,B,H,B,B,A,A,H,H,H,-,A,H,H,A,B,H,-,-,A,A,H,B,A,A,B,-,H,H,H,H,B,A,H,A,H,H,H,B,B,H,A,A,H,H,B,H,A,H,H,H,B,B,H,H,H,A,H,H,H,A,H,A,B,H,H,H,H,H,A,A,A,A,A,H,B,H,A,A,H,A,B,B,B,B,B,-,H,H,-,H
206408,6,270.20023,B,H,A,H,H,H,A,A,A,B,H,B,B,H,A,H,H,H,A,H,H,H,A,B,H,H,-,A,A,H,B,A,A,B,-,H,H,H,H,B,A,H,A,H,H,H,B,B,H,A,H,H,H,-,H,A,H,H,H,B,B,H,H,H,A,H,H,H,H,H,A,B,H,H,H,H,H,A,A,A,A,H,H,B,H,A,A,H,H,B,B,B,B,B,H,H,H,H,H
206433,6,270.80871,B,H,A,H,H,A,A,A,A,B,H,B,B,H,A,H,H,H,A,-,H,H,A,B,H,H,-,A,A,H,B,A,A,B,-,H,H,H,H,B,A,H,A,H,H,H,B,B,H,A,H,H,H,B,H,A,-,H,-,B,B,H,H,H,A,H,H,H,H,H,A,B,-,H,H,H,H,A,A,A,A,H,H,B,H,A,A,H,H,B,-,B,B,B,H,H,H,H,H
206637,6,276.64476,B,B,B,B,B,B,B,B,B,B,B,B,B,B,B,B,B,B,-,-,B,B,B,B,B,B,B,B,B,B,B,B,B,B,B,B,B,B,-,B,B,B,B,B,B,B,B,B,B,B,B,B,B,B,B,B,B,B,B,B,B,B,B,B,B,B,B,B,B,B,B,B,B,B,B,B,B,B,B,B,B,B,B,B,B,B,B,B,B,B,B,B,B,B,B,B,-,-,-
206876,6,283.19353,B,H,A,H,H,A,A,H,A,H,-,B,H,H,A,H,H,H,A,H,H,H,A,B,H,A,-,H,A,H,H,A,H,B,H,A,H,H,H,B,A,H,A,H,H,H,B,B,B,A,H,H,H,B,H,A,H,H,H,B,B,H,A,H,A,H,A,H,H,H,A,H,H,H,H,H,H,A,A,A,A,H,H,B,H,A,H,H,B,B,-,B,B,B,B,H,H,A,H
206934,6,284.75775,H,H,A,A,H,A,A,H,A,H,H,B,A,A,A,H,H,H,-,H,H,H,A,B,H,A,-,H,A,H,H,A,H,B,H,A,H,H,H,-,A,H,A,H,H,A,B,B,B,A,A,H,H,B,H,A,H,H,H,B,B,H,A,H,A,H,A,H,A,H,A,H,H,H,H,H,H,-,A,A,A,A,H,B,H,A,H,H,-,B,B,B,B,B,-,H,H,A,H
207049,6,288.99821,H,H,A,H,H,A,A,H,A,H,H,B,A,H,A,H,H,H,A,H,A,H,A,B,H,-,-,H,A,H,H,A,H,B,-,A,H,H,H,B,A,H,A,H,H,A,B,B,B,A,H,H,H,B,H,A,H,H,H,B,B,H,A,H,A,H,A,H,H,H,A,H,H,H,H,H,H,A,A,A,A,H,H,B,H,A,H,H,B,B,-,B,B,B,-,H,H,A,H
207058,6,289.12773,H,H,A,H,H,A,A,H,A,H,H,B,A,H,A,H,H,H,H,H,A,H,A,B,H,A,-,H,A,H,H,A,H,B,H,A,H,H,H,B,A,H,A,H,H,A,B,B,B,A,H,H,H,B,H,A,H,H,H,B,B,H,A,H,A,H,A,H,H,H,A,H,H,H,H,H,H,A,A,A,A,H,H,B,H,A,H,H,B,B,B,B,B,B,B,H,H,A,H
207129,6,291.09018,H,H,A,H,H,A,A,H,A,H,H,B,A,H,A,H,H,B,A,H,A,H,A,B,H,-,-,H,A,H,H,A,H,B,H,A,H,H,H,B,A,H,A,H,H,A,B,B,B,A,H,H,H,B,H,A,H,H,H,B,B,H,A,H,A,H,A,H,H,H,A,H,H,A,H,H,H,A,A,A,A,H,H,B,H,A,H,H,B,B,B,B,B,B,B,H,H,A,H
207202,6,293.09381,H,H,A,A,H,A,A,B,A,H,H,B,A,A,A,H,H,B,A,H,A,H,A,B,H,A,A,H,A,H,H,A,H,B,-,A,H,H,H,B,A,H,A,H,H,H,B,B,B,A,A,H,H,B,H,A,H,H,H,B,H,H,A,A,A,H,A,H,A,H,A,H,H,A,H,H,H,A,A,A,A,A,H,B,H,A,H,A,B,-,B,B,B,B,-,H,H,A,A
207287,6,295.80863,H,H,A,H,H,A,A,B,A,H,H,B,A,H,A,H,H,B,A,-,A,H,A,B,H,A,-,H,A,H,H,A,H,B,H,A,H,H,H,B,H,H,A,H,H,H,B,B,B,H,H,H,H,B,H,A,H,H,H,B,H,H,A,A,A,H,A,H,H,H,A,H,H,A,H,H,H,A,A,A,A,H,H,B,H,A,H,A,-,B,B,B,B,B,-,H,H,A,-
207288,6,295.81194,H,H,A,H,H,A,A,B,A,H,H,B,A,H,A,H,H,B,A,-,A,H,A,B,H,A,-,H,A,H,H,A,H,B,H,A,H,H,H,B,H,H,A,H,H,H,B,B,B,H,H,H,H,B,H,A,H,H,H,B,H,H,A,A,A,H,A,H,H,H,A,H,H,A,H,H,H,A,A,A,A,H,H,B,H,A,H,A,-,B,B,B,B,B,-,H,H,A,A
207291,6,295.89332,H,H,A,H,H,-,A,B,A,H,H,B,A,H,A,H,H,B,A,-,A,H,A,B,H,A,A,H,A,H,H,A,H,B,-,A,H,H,H,B,H,H,A,H,H,H,B,B,B,H,H,H,H,B,H,A,H,H,H,B,H,H,A,A,A,H,A,H,H,H,A,H,H,A,H,H,H,A,A,A,A,H,H,B,H,A,H,A,B,B,B,B,B,B,-,H,H,A,A
207292,6,295.89604,H,H,A,H,H,-,A,B,A,H,H,B,A,H,A,H,H,B,A,-,A,H,A,B,H,A,A,H,A,H,H,A,H,B,-,A,H,H,H,B,H,H,A,H,H,H,B,B,B,H,H,H,H,B,H,A,H,H,H,B,H,H,A,A,A,H,A,H,H,H,A,H,H,A,H,H,H,A,A,A,A,H,H,B,H,A,H,A,B,B,B,B,-,B,-,H,H,A,A
207309,6,296.39186,H,H,A,H,H,A,A,B,A,H,-,B,A,H,A,H,H,B,A,H,A,H,A,B,H,H,A,H,A,H,H,A,H,B,H,A,H,H,H,B,H,H,A,H,H,H,B,B,-,H,H,H,H,B,H,A,H,H,-,B,H,H,A,A,A,H,A,H,H,H,A,H,H,A,H,H,H,A,A,A,A,H,H,B,H,A,H,A,-,B,B,B,B,B,-,H,H,A,A
207310,6,296.39496,H,H,A,H,H,A,A,B,A,H,-,B,A,H,A,H,H,B,A,H,A,H,A,B,H,H,A,H,A,H,H,A,H,B,H,A,H,H,H,B,H,H,A,H,H,H,B,B,-,H,H,H,H,B,H,A,H,H,-,B,H,H,A,A,A,H,A,H,H,H,A,H,H,A,H,H,H,A,A,A,A,H,H,B,H,A,H,A,-,B,B,B,B,B,-,H,H,A,A
207319,6,296.46918,H,H,A,H,H,A,A,B,A,H,H,-,A,H,A,H,H,B,A,-,A,H,A,B,H,A,-,H,A,H,H,A,H,B,H,A,H,H,H,B,H,H,A,H,H,H,B,B,B,H,H,H,H,B,H,A,H,H,H,B,H,H,A,A,A,H,A,H,H,H,A,H,H,A,H,H,H,A,A,A,A,H,H,B,H,A,H,A,B,B,B,B,B,B,B,H,H,A,A
207321,6,296.4727,H,H,A,H,H,A,A,B,A,H,H,-,A,H,A,H,H,B,A,-,A,H,A,B,H,A,-,H,A,H,H,A,H,B,H,A,H,H,H,B,H,H,A,H,H,H,B,B,B,H,H,H,H,B,H,A,H,H,H,B,H,H,A,A,A,H,A,H,H,H,A,H,H,A,H,H,H,A,A,A,A,H,H,B,H,A,H,A,B,B,B,B,B,B,B,H,H,A,A
207324,6,296.48285,H,H,A,H,H,A,A,B,A,H,H,-,A,H,A,H,H,B,A,-,A,H,A,B,H,A,-,H,A,H,H,A,H,B,-,A,H,H,H,B,H,H,A,H,H,H,B,B,B,H,H,H,H,B,H,A,H,H,H,B,H,H,A,A,A,H,A,H,H,H,A,H,H,A,H,H,H,A,A,A,A,H,H,B,H,A,H,A,B,B,B,B,B,B,B,H,H,A,A
207329,6,296.63597,H,H,A,H,H,A,A,B,A,H,-,B,A,H,A,H,H,B,A,H,A,H,A,B,H,-,-,H,A,H,H,A,H,B,H,A,H,H,H,B,H,H,A,H,H,H,B,B,B,H,H,H,H,B,H,A,H,H,H,B,H,H,A,A,A,H,A,H,H,H,A,H,H,A,H,H,H,A,A,A,A,H,H,B,H,A,H,A,B,B,B,B,B,B,-,H,H,A,A
207330,6,296.63889,H,H,A,H,H,A,A,B,A,H,-,B,A,H,A,H,H,B,A,H,A,H,A,B,H,-,-,H,A,H,H,A,H,B,H,A,H,H,H,B,H,H,A,H,H,H,B,B,B,H,H,H,H,B,H,A,H,H,H,B,H,H,A,A,A,H,A,H,H,H,A,H,H,A,H,H,H,A,A,A,A,H,H,B,H,A,H,A,B,B,B,B,B,B,-,H,H,A,A
207339,6,296.97914,H,H,A,H,H,A,A,B,A,H,-,B,A,H,A,-,H,B,A,-,A,H,A,B,H,A,-,H,A,H,H,A,H,B,-,A,H,H,H,B,H,H,A,H,H,H,B,B,B,H,H,H,H,B,H,A,H,H,H,B,H,H,A,A,A,H,A,H,H,H,A,H,H,A,A,H,H,A,A,-,A,H,H,B,H,A,H,A,B,H,-,B,B,B,-,H,H,A,A
207340,6,296.98192,H,H,A,H,H,A,A,B,A,H,H,B,A,H,A,H,H,B,A,-,A,H,A,B,H,A,-,H,A,H,H,A,H,B,H,A,H,H,H,B,H,H,A,H,H,H,B,B,B,H,H,H,H,B,H,A,H,H,H,B,H,H,A,A,A,H,A,H,H,H,A,H,H,A,A,H,H,A,A,A,A,H,H,B,H,A,H,A,B,H,B,B,B,B,B,H,H,A,A
207341,6,296.98195,H,H,A,H,H,A,A,B,A,H,-,B,A,H,-,H,H,B,A,-,A,H,A,B,H,A,-,H,A,H,H,A,H,B,-,A,H,H,H,B,H,H,A,H,H,H,B,B,B,H,H,H,H,B,H,A,H,H,H,B,H,H,A,A,A,H,A,H,H,H,A,H,H,A,A,H,H,A,A,-,A,H,H,B,H,A,H,A,B,H,-,B,B,B,-,H,H,A,A
207342,6,296.98448,H,H,A,H,H,A,A,B,A,H,H,B,A,H,A,H,H,B,A,-,A,H,A,B,H,A,-,H,A,H,H,A,H,B,H,A,H,H,H,B,H,H,A,H,H,H,B,B,B,H,H,H,H,B,H,A,H,H,H,B,H,H,A,A,A,H,A,H,H,H,A,H,H,A,A,H,H,A,A,A,A,H,H,B,H,A,H,A,B,H,B,B,B,B,B,H,H,A,A
207370,6,297.79543,H,H,A,H,H,A,A,B,A,H,-,B,A,H,A,H,H,B,-,H,A,H,A,B,H,-,-,H,A,H,H,A,H,B,-,A,H,H,H,B,H,H,A,H,H,H,B,B,B,H,H,H,H,B,H,A,H,H,H,B,H,H,A,A,A,H,A,H,H,H,A,H,H,A,A,H,H,A,A,A,A,H,H,B,H,A,H,A,B,H,B,B,B,B,-,H,H,A,A
207399,6,298.8003,H,H,A,H,H,A,A,B,A,H,H,B,A,H,A,H,H,B,A,H,A,H,A,B,H,A,-,H,A,H,H,A,H,B,H,A,H,H,H,B,H,H,A,H,H,H,B,B,B,H,H,H,H,B,H,A,H,H,H,B,H,H,A,A,A,H,A,H,H,H,A,H,H,A,A,H,H,A,A,A,A,H,H,B,H,A,H,A,B,H,B,B,B,B,-,H,H,A,A
207414,6,299.01249,H,H,A,H,H,A,A,B,A,H,H,B,A,H,A,H,H,B,A,-,A,H,A,B,H,-,A,H,H,H,H,A,H,B,-,A,H,H,H,B,H,H,A,H,H,H,B,B,B,H,H,H,H,B,H,A,H,H,H,B,H,H,A,A,A,H,A,H,H,H,A,H,H,A,A,H,H,A,A,A,A,H,H,B,H,A,H,A,B,-,B,B,B,B,-,H,H,A,A
207439,6,299.66795,H,H,A,H,H,A,A,B,-,H,-,B,-,H,A,H,H,B,A,-,A,H,A,B,H,-,A,H,H,H,H,A,H,B,H,A,H,H,H,B,H,H,-,H,H,H,B,B,B,H,H,H,H,B,H,A,H,H,-,B,H,H,A,A,A,H,A,H,H,H,A,H,H,A,A,H,H,A,A,A,A,H,H,B,H,A,H,A,B,A,B,B,B,B,-,H,H,A,A
207449,6,300.25857,H,H,A,H,H,A,A,B,A,H,H,B,A,H,A,H,H,B,A,H,A,H,A,B,H,A,A,H,H,H,H,A,H,B,H,A,H,H,H,B,H,H,A,H,H,H,B,B,B,H,H,H,H,B,H,A,H,H,H,B,H,H,A,A,A,H,A,H,H,H,A,H,H,A,A,H,H,A,A,A,A,H,H,B,H,A,H,A,B,H,B,B,B,B,H,H,H,A,A
207451,6,300.27019,H,H,A,H,H,A,A,B,A,H,H,B,A,H,A,H,H,B,-,H,A,H,A,B,H,A,-,H,H,H,H,A,H,B,-,A,H,H,H,-,H,H,A,H,H,H,B,B,B,H,H,H,H,B,H,A,-,H,H,B,H,H,A,A,A,H,A,H,H,H,A,H,H,A,A,H,H,A,A,A,A,H,H,B,H,A,H,A,B,H,B,B,B,B,-,H,H,A,A
207452,6,300.2732,H,H,A,H,H,A,A,B,A,H,H,B,A,H,A,H,H,B,-,H,A,H,A,B,H,A,-,H,H,H,H,A,H,B,-,A,H,H,H,B,H,H,A,H,H,H,B,B,B,H,H,H,H,B,H,A,-,H,H,B,H,H,A,A,A,H,A,H,H,H,A,H,H,A,A,H,H,A,A,A,A,H,H,B,H,A,H,A,B,H,B,B,B,B,-,H,H,-,A
207469,6,300.49231,H,H,A,H,H,A,A,B,A,H,H,B,A,H,A,H,H,B,A,H,A,H,A,B,H,A,-,H,H,H,H,A,H,B,-,A,H,H,H,B,H,H,A,H,H,H,B,B,B,H,H,H,H,B,H,A,H,H,H,B,H,H,A,A,A,H,A,H,H,H,A,H,H,A,A,H,H,A,A,A,A,H,H,B,H,A,H,A,B,H,B,B,B,B,H,H,H,A,A
207470,6,300.49486,H,H,A,H,H,A,A,B,A,H,H,B,A,H,A,H,H,B,A,H,A,H,A,B,H,A,-,H,H,H,H,A,H,B,-,A,H,H,H,B,H,H,A,H,H,H,B,B,B,H,H,H,H,B,H,A,H,H,H,B,H,H,A,A,A,H,A,H,H,H,A,H,H,A,A,H,H,A,A,A,A,H,H,B,H,A,H,A,B,H,B,B,B,B,H,H,H,A,A
207475,6,300.59481,H,H,A,H,H,A,A,B,A,H,H,B,A,H,A,H,H,B,-,H,A,H,A,B,H,-,-,H,H,H,H,A,H,B,-,A,H,H,H,B,H,H,A,H,H,H,B,B,B,H,H,H,H,B,H,A,H,H,H,B,H,H,A,A,A,H,A,H,H,H,A,H,H,A,A,H,H,A,A,A,A,H,H,B,H,H,H,A,B,H,B,B,B,B,H,H,-,-,-
207497,6,301.28678,H,H,A,H,H,A,A,B,A,H,-,B,-,H,A,H,H,B,-,-,A,H,A,B,H,-,A,H,H,H,H,A,H,B,-,A,H,H,-,B,H,H,A,H,H,H,B,B,B,H,H,H,H,B,H,A,H,H,H,B,H,H,A,A,A,H,A,H,H,H,A,H,H,A,A,H,H,A,A,A,A,H,H,B,H,A,H,A,B,H,B,B,B,B,-,H,H,A,A
207512,6,301.66862,H,H,A,H,H,A,A,B,A,H,H,B,A,H,A,H,H,B,A,-,A,H,A,B,H,-,-,H,H,H,H,A,H,B,-,A,A,H,H,B,A,H,A,H,H,H,B,B,B,H,H,H,H,B,H,H,H,H,H,B,H,H,A,A,A,H,A,H,H,H,A,H,H,A,A,H,H,A,A,A,A,H,H,B,H,A,H,A,-,-,-,B,B,B,-,H,H,A,A
207514,6,301.67113,H,H,A,H,H,A,A,B,A,H,H,H,A,H,A,H,H,B,A,-,A,H,A,B,H,-,-,H,H,H,H,A,H,B,-,A,A,H,H,B,A,H,A,H,H,H,B,B,B,H,H,H,H,B,H,H,H,H,H,B,H,H,A,A,A,H,A,H,H,H,A,H,H,A,A,H,H,A,A,A,A,H,H,B,H,A,H,A,-,-,-,B,B,B,-,H,H,A,A
207534,6,302.00629,H,H,A,H,H,A,A,B,A,H,H,B,A,H,A,H,H,B,A,H,A,H,A,B,H,-,A,H,H,H,H,A,H,B,H,A,A,H,H,B,H,H,A,H,H,H,B,B,B,H,H,H,H,B,H,H,H,H,-,B,H,H,A,A,A,H,A,H,H,H,-,H,H,A,A,H,H,A,A,A,A,H,H,B,B,A,H,A,-,H,B,B,B,B,-,H,H,A,A
207541,6,302.16401,H,H,A,H,H,A,A,B,A,H,-,B,A,H,A,H,H,B,A,H,A,H,A,B,H,A,A,H,H,H,H,A,H,B,-,A,A,H,H,B,H,H,A,H,H,H,B,B,B,H,H,H,H,B,H,H,H,H,H,B,H,H,A,A,A,H,A,H,H,H,A,H,H,A,A,H,H,A,A,A,A,H,H,B,B,A,H,A,B,H,B,B,B,B,H,H,H,A,A
207542,6,302.16693,H,H,A,H,H,A,A,B,A,H,-,B,A,H,A,H,H,B,A,H,A,H,A,B,H,A,A,H,H,H,H,A,H,B,-,A,A,H,H,B,H,H,A,H,H,H,B,B,B,H,H,H,H,B,H,H,H,H,H,B,H,H,A,A,A,H,A,H,H,H,A,H,H,A,A,H,H,A,A,A,A,H,H,B,B,A,H,A,B,H,B,B,B,B,H,H,H,A,A
207550,6,302.73297,H,H,A,H,H,A,A,B,A,H,H,B,A,H,A,H,H,B,A,-,A,H,A,B,H,A,-,H,H,H,H,A,H,B,H,A,A,H,H,B,H,H,A,H,H,H,B,B,B,H,H,H,H,B,H,H,H,H,H,B,H,H,A,A,A,H,A,H,H,H,A,H,H,A,A,H,H,A,A,A,A,H,H,B,B,A,H,A,B,H,B,B,B,B,-,H,H,A,A
207568,6,302.81268,H,H,A,H,H,A,A,B,A,H,-,B,A,H,A,H,H,B,-,-,A,H,A,B,H,-,A,H,H,H,H,A,H,B,-,A,A,H,H,B,H,H,A,H,H,H,B,B,B,H,H,H,H,B,H,H,H,H,-,B,H,H,A,A,A,H,A,H,H,H,A,H,H,A,A,H,H,A,A,-,A,H,H,B,B,A,H,A,B,H,B,B,B,B,-,H,H,A,A
207592,6,303.42048,H,H,A,H,H,-,A,B,A,H,-,B,A,H,A,H,H,B,-,H,A,H,A,B,H,A,A,H,H,H,H,A,H,B,H,A,A,H,H,B,H,H,A,H,H,H,B,B,B,H,H,H,H,B,H,H,H,H,H,B,H,H,A,A,A,H,A,H,H,H,A,H,H,A,A,H,H,A,A,A,A,H,B,B,B,A,H,A,B,H,B,B,B,B,B,H,H,A,A
207631,6,304.83203,H,H,A,H,H,A,A,B,A,H,-,B,A,H,A,H,H,B,A,-,A,H,A,B,H,A,-,H,H,H,H,-,H,B,H,A,A,H,H,H,H,H,-,H,H,H,B,B,B,H,H,H,H,B,H,H,H,H,H,B,H,H,A,A,A,H,A,H,H,H,A,H,H,A,A,H,H,A,A,-,A,H,B,B,B,A,H,A,B,H,B,B,B,B,-,H,H,A,A
207632,6,304.83528,H,H,A,H,H,A,A,B,A,H,-,B,A,H,A,H,H,B,A,-,A,H,A,B,H,A,-,H,H,H,H,A,H,B,H,A,A,H,H,H,H,H,-,H,H,H,B,B,B,H,H,H,H,B,H,H,H,H,H,B,H,H,A,A,A,H,A,H,H,H,A,H,H,A,A,H,H,A,A,A,A,H,B,B,B,A,H,A,B,H,B,B,B,B,-,H,H,A,-
207636,6,304.94601,H,H,A,H,H,A,A,B,A,H,H,B,A,H,A,H,H,B,A,H,A,H,A,B,H,-,-,H,H,H,H,A,H,B,H,A,A,H,H,H,H,H,A,H,H,H,B,B,B,H,H,H,H,B,H,H,H,H,H,B,H,H,A,A,A,H,A,H,H,H,A,H,H,A,A,H,H,A,A,A,A,H,B,B,B,A,H,A,B,H,B,B,B,B,H,H,H,A,A
207681,6,306.07857,H,H,A,H,H,A,A,B,A,H,H,B,A,H,A,H,H,B,A,-,A,H,A,B,H,A,A,H,H,H,H,A,H,B,-,A,A,H,H,H,H,H,A,H,H,H,B,B,B,H,H,H,H,B,H,H,H,H,H,B,H,H,A,A,A,H,A,H,H,H,-,H,H,A,A,H,H,A,A,A,A,H,H,B,B,A,H,A,B,H,B,B,B,B,-,H,-,-,-
207682,6,306.08206,H,H,A,H,H,A,A,B,A,H,-,B,A,H,A,H,H,B,-,-,A,H,A,B,H,-,A,H,H,H,H,A,H,B,H,A,A,H,H,H,H,H,A,-,H,H,B,B,B,H,H,H,H,B,H,H,H,H,H,B,H,H,A,A,A,H,A,H,H,H,A,H,-,A,A,H,H,A,A,A,A,H,H,B,B,A,H,A,B,H,-,B,B,B,-,H,H,A,A
207698,6,306.55466,H,H,A,H,H,A,A,B,A,H,-,-,A,H,A,H,H,B,A,H,A,H,A,B,H,-,-,H,H,H,H,A,H,B,-,A,A,H,H,H,H,H,A,H,H,H,B,B,B,H,H,H,H,B,H,H,H,H,H,B,H,H,A,A,A,H,A,H,H,H,-,H,H,A,A,H,H,A,A,A,A,H,H,B,B,A,H,A,B,H,B,B,B,B,-,H,H,A,A
207843,6,312.51736,H,H,A,H,H,A,A,B,A,H,-,B,A,H,A,H,H,B,A,H,A,H,H,B,H,A,-,-,H,H,H,A,H,B,-,A,A,H,H,H,H,H,-,H,A,H,B,B,B,H,H,H,H,B,B,H,-,H,H,B,H,H,A,A,A,H,A,H,H,H,A,H,H,A,A,H,H,A,A,A,A,H,H,B,B,A,H,A,H,H,B,B,B,B,-,H,H,A,A
